time,latitude,longitude,depth,mag,magType,nst,gap,dmin,rms,net,id,updated,place,type,horizontalError,depthError,magError,magNst,status,locationSource,magSource
2020-12-03T11:55:20.631Z,40.5721,-75.0839,1.99,2.1,ml,,92,0.409,0.5,us,us7000cmj2,2021-02-12T22:38:37.040Z,"0 km ENE of Milford, New Jersey",earthquake,1.3,4.4,0.053,46,reviewed,us,us
2020-11-22T09:36:06.661Z,42.4279,-80.2592,4.9,2.1,ml,,148,0.369,0.33,us,us6000cscg,2021-02-03T17:50:14.040Z,"southern Ontario, Canada",earthquake,1.7,5.2,0.062,34,reviewed,us,us
2020-11-22T05:48:44.297Z,41.5406,-70.9933,5.13,2,ml,,174,0.261,0.21,us,us6000cre7,2021-02-03T17:49:52.040Z,"9 km SSW of Bliss Corner, Massachusetts",earthquake,1.8,5.1,0.069,28,reviewed,us,us
2020-11-15T01:04:50.120Z,43.7431,-72.2039,7.32,2,ml,,50,0.07,0.45,us,us7000cf48,2021-01-27T17:29:36.040Z,"8 km ENE of Hanover, New Hampshire",earthquake,1.4,2.4,0.071,26,reviewed,us,us
2020-11-10T06:25:13.287Z,43.2838,-78.8149,5,1.5,ml,,132,0.289,0.73,us,us7000cdm1,2021-01-23T22:25:44.040Z,"3 km SSE of Wilson, New York",earthquake,2.1,1.9,0.148,6,reviewed,us,us
2020-11-08T14:10:06.958Z,41.5208,-70.9546,10,3.6,mwr,,162,0.234,0.72,us,us7000cc4d,2021-10-24T20:45:21.684Z,"10 km S of Bliss Corner, Massachusetts",earthquake,2,1.9,0.05,38,reviewed,us,us
2020-10-22T16:23:54.878Z,41.4771,-73.801,8.73,2.2,mb_lg,,47,0.344,0.26,us,us6000cbhh,2021-01-09T20:05:19.040Z,"9 km SE of Merritt Park, New York",earthquake,1.3,5,0.114,20,reviewed,us,us
2020-10-09T09:01:58.846Z,43.7888,-74.8465,5.4,1.9,ml,,48,0.404,0.33,us,us6000c786,2020-12-19T17:22:42.040Z,"5 km NW of Inlet, New York",earthquake,1.1,3.9,0.071,26,reviewed,us,us
2020-10-06T04:30:26.316Z,40.38,-79.2074,1,2.9,mb_lg,,32,0.131,0.57,us,us6000c5z8,2020-12-12T22:28:41.040Z,"5 km WSW of Bolivar, Pennsylvania",mine collapse,2.9,2,0.049,108,reviewed,us,us
2020-09-09T06:00:13.553Z,40.3023,-74.2892,5.61,3.1,mb_lg,,146,0.434,0.53,us,us7000bk7f,2021-10-14T13:38:50.327Z,"3 km WSW of Marlboro, New Jersey",earthquake,2,1.5,0.052,96,reviewed,us,us
2020-08-25T09:22:31.669Z,41.6591,-80.3756,5,2,mb_lg,,88,0.54,0.35,us,us7000bcjl,2020-10-31T19:06:26.040Z,"4 km E of Linesville, Pennsylvania",earthquake,1.6,1.8,0.255,5,reviewed,us,us
2020-08-17T15:55:04.579Z,40.5381,-75.0379,2.21,1.7,ml,,152,0.635,0.58,us,us6000bg7s,2020-10-24T20:09:00.040Z,"2 km ENE of Frenchtown, New Jersey",earthquake,1.3,4.5,0.105,12,reviewed,us,us
2020-07-30T20:18:48.498Z,44.9574,-73.9236,7.87,2.2,mb_lg,,79,0.578,0.18,us,us6000b73z,2020-10-10T17:11:04.040Z,"8 km S of Franklin, Canada",earthquake,1.3,6.9,0.193,7,reviewed,us,us
2020-07-21T16:10:00.217Z,41.723,-72.6965,2.32,1.6,ml,,94,0.582,0.24,us,us7000asub,2020-09-26T16:58:45.040Z,"3 km NE of Newington, Connecticut",earthquake,1.1,4.4,0.077,22,reviewed,us,us
2020-07-06T08:52:38.441Z,44.1968,-70.7426,5,1.2,ml,,76,0.187,0.21,us,us7000aj35,2020-09-11T22:14:19.040Z,"10 km NNW of Harrison, Maine",earthquake,1.4,1.9,0.105,12,reviewed,us,us
2020-07-04T06:23:27.035Z,44.1873,-70.7422,3.42,2.1,mb_lg,,63,0.179,0.44,us,us7000ahsn,2020-09-11T22:14:09.040Z,"9 km NNW of Harrison, Maine",earthquake,1.4,4.6,0.228,5,reviewed,us,us
2020-06-28T13:46:43.992Z,43.5702,-73.7103,5,1.3,ml,,70,0.548,0.35,us,us7000adzs,2020-09-05T17:35:31.040Z,"4 km WNW of Bolton Landing, New York",earthquake,0.9,1.9,0.105,12,reviewed,us,us
2020-06-27T03:44:26.766Z,43.7823,-71.4248,5,1.6,ml,,96,0.112,0.38,us,us7000acv0,2020-09-05T17:35:24.040Z,"1 km SW of Sandwich, New Hampshire",earthquake,1.3,1.8,0.091,16,reviewed,us,us
2020-06-23T07:21:46.630Z,44.9429,-74.3948,5.4,1.1,ml,,79,0.349,0.18,us,us6000ahn2,2020-08-30T00:01:11.040Z,"9 km ESE of Fort Covington Hamlet, New York",earthquake,1.5,1.3,0.105,12,reviewed,us,us
2020-06-01T09:26:37.990Z,40.7398,-78.0417,5,1.5,ml,,42,0.156,0.34,us,us6000a430,2020-11-04T03:37:23.595Z,"5 km NW of Baileyville, Pennsylvania",earthquake,1.2,1,0.148,6,reviewed,us,us
2020-05-23T09:40:57.930Z,44.0927,-71.3769,5,1.5,ml,,82,0.22,0.34,us,us70009pd9,2020-08-08T18:17:55.040Z,"2 km N of Livermore, New Hampshire",earthquake,1.6,1.9,0.091,16,reviewed,us,us
2020-05-19T20:40:34.614Z,42.7616,-78.902,5,2.3,ml,,118,0.519,1.04,us,us70009l57,2020-08-02T00:28:01.040Z,"1 km N of Wanakah, New York",earthquake,1.9,2,0.115,10,reviewed,us,us
2020-05-06T15:03:41.193Z,45.0596,-72.8946,14.1,3.1,mb_lg,,100,0.541,0.65,us,us70009b45,2020-07-29T22:14:10.040Z,"9 km SE of Bedford, Canada",earthquake,1.8,8,0.077,44,reviewed,us,us
2020-05-04T02:25:25.647Z,40.3353,-76.0378,5,1.4,ml,,75,0.056,0.53,us,us700099ki,2020-07-18T21:57:33.040Z,"2 km WNW of Sinking Spring, Pennsylvania",earthquake,1.1,1.4,0.148,6,reviewed,us,us
2020-04-09T01:29:54.300Z,40.314,-75.9617,5,1.3,ml,,118,0.05,0.46,us,us70008s4q,2020-09-10T01:19:23.863Z,"0 km NNE of Shillington, Pennsylvania",earthquake,1.3,1.7,0.181,4,reviewed,us,us
2020-03-29T17:04:46.557Z,43.4249,-78.3629,5,2.6,mb_lg,,115,0.268,0.39,us,us70008icf,2020-06-13T18:44:44.040Z,"11 km N of Lyndonville, New York",earthquake,2,1.9,0.208,6,reviewed,us,us
2020-03-26T03:42:24.912Z,45.2819,-70.7302,5,2.2,ml,,62,0.153,0.3,us,us70008g73,2020-06-13T18:44:47.040Z,"21 km WNW of Eustis, Maine",earthquake,2.6,1.9,0.105,12,reviewed,us,us
2020-03-18T06:11:27.858Z,43.2933,-73.6227,5.16,1.8,ml,,51,0.562,0.14,us,us60008hn2,2020-06-06T20:53:46.040Z,"1 km ESE of South Glens Falls, New York",earthquake,1.4,5.3,0.097,14,reviewed,us,us
2020-03-15T16:16:43.372Z,43.0045,-70.7752,5,1.9,ml,,175,0.729,0.28,us,us60008g8b,2020-05-30T22:17:12.040Z,"1 km SSW of Rye, New Hampshire",earthquake,2.1,1.9,0.085,18,reviewed,us,us
2020-03-15T03:07:38.993Z,43.4531,-71.5792,4.5,2.1,ml,,109,0.456,0.27,us,us60008fw6,2020-05-30T22:17:09.040Z,"1 km NNE of Tilton, New Hampshire",earthquake,1.4,1,0.077,22,reviewed,us,us
2020-03-11T10:43:39.657Z,43.2925,-73.6371,12.55,3.1,mb_lg,,51,0.094,0.32,us,us60008dlh,2021-03-02T19:11:41.452Z,"0 km SSW of South Glens Falls, New York",earthquake,2.1,4.3,0.058,78,reviewed,us,us
2020-03-08T07:19:26.235Z,43.0885,-71.6507,5,1.9,ml,,114,0.585,0.18,us,us60008c9h,2020-05-23T22:03:18.040Z,"6 km E of Weare, New Hampshire",earthquake,1.8,1.3,0.081,20,reviewed,us,us
2020-02-17T10:15:59.792Z,43.9675,-71.2291,5,1.9,ml,,92,0.121,0.24,us,us70007rrz,2020-05-02T22:10:05.040Z,"5 km WNW of Albany, New Hampshire",earthquake,1,1.8,0.085,18,reviewed,us,us
2020-02-12T07:31:49.850Z,44.7609,-72.8365,5,1.8,ml,,110,0.444,0.38,us,us70007p78,2020-05-02T22:09:43.040Z,"13 km N of Jeffersonville, Vermont",earthquake,1.2,1.9,0.105,12,reviewed,us,us
2020-02-02T09:37:41.813Z,40.0476,-76.9143,4,1.8,ml,,42,0.235,0.37,us,us60007mp3,2020-04-18T22:10:15.040Z,"1 km ESE of Wellsville, Pennsylvania",earthquake,1.1,4.9,0.074,24,reviewed,us,us
2020-02-01T19:55:55.348Z,40.0515,-76.9218,2.73,1.7,ml,,78,0.236,0.25,us,us60007mpz,2020-04-18T22:10:16.040Z,"1 km E of Wellsville, Pennsylvania",earthquake,1,4.2,0.074,24,reviewed,us,us
2020-01-21T16:50:55.560Z,43.203,-78.8181667,5.25,1.86,ml,8,93,0.2687,0.2,ld,ld60069003,2021-05-13T22:01:58.013Z,"8 km ESE of Ransomville, New York",earthquake,0.54,31.61,0.184,6,reviewed,ld,ld
2020-01-17T05:25:36.326Z,45.011,-73.989,12.7,2,ml,,73,0.553,0.3,us,us600079tt,2020-04-08T19:39:34.040Z,"6 km WSW of Franklin, Canada",earthquake,1.8,8.3,0.105,12,reviewed,us,us
2020-01-14T10:19:42.270Z,44.9956667,-73.9515,10,1.71,ml,9,122,0.5555,0.23,ld,ld60068803,2021-05-13T22:01:57.448Z,"5 km SW of Franklin, Canada",earthquake,0.51,31.61,0.124,9,reviewed,ld,ld
2020-01-13T10:37:59.295Z,44.993,-73.9659,6.41,3.4,mb_lg,,71,0.562,0.28,us,us70006z44,2020-04-02T21:28:24.040Z,"5 km SW of Franklin, Canada",earthquake,1.4,3.4,0.062,67,reviewed,us,us
2020-01-07T14:22:37.670Z,43.665,-74.0898333,5,1.18,ml,6,218,0.323,0.26,ld,ld60068603,2021-05-13T22:01:56.746Z,"9 km WSW of North Creek, New York",earthquake,1.2,31.61,0.177,6,reviewed,ld,ld
2020-01-06T01:46:17.525Z,43.4484,-71.5716,5,2.1,ml,,115,0.458,0.35,us,us70006v4v,2020-03-21T17:13:22.040Z,"1 km ENE of Tilton, New Hampshire",earthquake,1.4,1.8,0.074,24,reviewed,us,us
2020-01-04T02:52:53.120Z,43.6693333,-74.0916667,5,1.36,ml,13,92,0.3185,0.34,ld,ld60068503,2021-05-13T22:01:55.173Z,"9 km WSW of North Creek, New York",earthquake,0.63,31.61,0.171,10,reviewed,ld,ld
2020-01-02T00:41:40.071Z,41.548,-71.6038,5,1.9,ml,,158,0.362,0.22,us,us70006u33,2020-03-21T17:13:22.040Z,"6 km WSW of Exeter, Rhode Island",earthquake,1.6,1.9,0.091,16,reviewed,us,us
2019-12-31T23:53:22.516Z,45.0723,-74.7236,18.07,1.6,ml,,106,0.397,0.3,us,us70006ulk,2020-03-14T22:22:47.040Z,"6 km N of Cornwall, Canada",earthquake,1.9,7.1,0.115,10,reviewed,us,us
2019-12-22T07:23:38.867Z,43.7761,-72.4144,6.63,1.5,ml,,66,0.116,0.38,us,us70006qud,2020-03-07T17:47:54.040Z,"9 km ESE of South Royalton, Vermont",earthquake,1.4,2,0.085,18,reviewed,us,us
2019-12-18T07:40:29.310Z,43.3873333,-76.9503333,2.32,2.05,ml,15,65,0.5379,0.21,ld,ld60068403,2021-05-13T22:01:54.648Z,"13 km NNE of Sodus Point, New York",earthquake,0.47,1.53,0.185,11,reviewed,ld,ld
2019-12-17T14:19:16.510Z,44.971,-74.79,10.68,2.12,ml,13,112,0.0584,0.25,ld,ld60068303,2021-05-13T22:01:54.130Z,"7 km SW of Cornwall, Canada",earthquake,0.65,0.85,0.098,11,reviewed,ld,ld
2019-12-06T05:08:19.720Z,44.149,-75.1218333,7,0.84,ml,6,152,0.4194,0.25,ld,ld60068203,2021-05-13T22:01:53.609Z,"7 km W of Star Lake, New York",earthquake,1.05,31.61,0.153,6,reviewed,ld,ld
2019-12-03T22:29:25.217Z,41.9709,-70.7019,5,2.1,ml,,188,0.108,0.3,us,us60006ltt,2020-11-08T14:23:15.052Z,"1 km W of North Plymouth, Massachusetts",earthquake,1.6,2,0.097,14,reviewed,us,us
2019-12-01T23:46:51.621Z,41.4659,-71.2851,5,1.8,ml,,181,0.489,0.31,us,us70006f5x,2020-02-19T18:58:30.040Z,"3 km SE of Newport, Rhode Island",earthquake,1.6,1.8,0.115,10,reviewed,us,us
2019-11-24T19:59:53.130Z,44.8951667,-73.8811667,5,0.82,ml,9,187,0.2168,0.2,ld,ld60068103,2021-05-13T22:01:53.096Z,"15 km S of Franklin, Canada",earthquake,0.76,31.61,0.072,7,reviewed,ld,ld
2019-11-24T07:52:16.973Z,42.7766,-71.2345,3.63,1.2,ml,,169,0.36,0.42,us,us70006ckx,2020-02-14T22:02:19.040Z,"3 km WSW of Salem, New Hampshire",earthquake,1.6,5,0.128,8,reviewed,us,us
2019-11-24T02:45:15.174Z,42.7892,-71.2257,1.66,1.8,ml,,132,0.374,0.35,us,us70006ccp,2020-02-14T22:02:16.040Z,"2 km W of Salem, New Hampshire",earthquake,0.9,5.1,0.081,20,reviewed,us,us
2019-11-04T21:48:48.170Z,41.1296667,-74.036,2.44,1.59,ml,13,84,0.1573,0.22,ld,ld60180751,2021-05-13T22:01:52.570Z,"0 km ENE of Hillcrest, New York",earthquake,0.49,0.85,0.187,11,reviewed,ld,ld
2019-11-04T03:51:08.490Z,40.3576667,-76.0063333,5,1.32,ml,7,215,0.02547,0.2,ld,ld60067803,2021-05-13T22:01:52.049Z,"1 km WNW of Spring Ridge, Pennsylvania",earthquake,0.81,31.61,0.247,9,reviewed,ld,ld
2019-10-29T00:09:18.480Z,40.9476667,-73.75,4,1.27,ml,10,140,0.1328,0.21,ld,ld60180311,2021-05-13T22:01:51.529Z,"1 km W of Mamaroneck, New York",earthquake,0.49,31.61,0.115,5,reviewed,ld,ld
2019-10-26T03:42:26.367Z,42.621,-70.7246,4.55,1.3,ml,,183,0.5,0.23,us,us700061hm,2020-01-11T21:26:41.040Z,"4 km ESE of Essex, Massachusetts",earthquake,1.8,6.5,0.115,10,reviewed,us,us
2019-10-25T02:41:57.800Z,41.092,-73.9606667,3.13,1.09,ml,9,120,0.0951,0.18,ld,ld60180131,2021-05-13T22:01:50.485Z,"1 km ESE of West Nyack, New York",earthquake,0.51,0.94,0.223,7,reviewed,ld,ld
2019-10-19T11:23:50.540Z,40.1945,-76.2308333,5,1.3,ml,8,203,0.06066,0.18,ld,ld60179906,2021-05-13T22:01:49.923Z,"3 km SE of Clay, Pennsylvania",earthquake,0.87,31.61,0.208,6,reviewed,ld,ld
2019-10-15T06:58:57.650Z,40.0986667,-80.3208333,1,2.22,ml,8,76,0.09408,0.27,ld,ld60067603,2021-05-13T22:01:49.399Z,"2 km SW of Green Hills, Pennsylvania",earthquake,0.7,31.61,0.147,14,reviewed,ld,ld
2019-10-13T00:51:46.890Z,43.7363333,-74.1946667,9.61,0.69,ml,10,88,0.2379,0.22,ld,ld60067503,2021-05-13T22:01:48.878Z,"17 km WNW of North Creek, New York",earthquake,0.47,2.6,0.132,9,reviewed,ld,ld
2019-09-28T08:42:53.046Z,43.1413,-71.848,5.23,0.8,ml,,184,0.554,0.31,us,us70005r0r,2019-12-20T19:04:12.040Z,"4 km SSW of Henniker, New Hampshire",earthquake,3,6.6,0.105,12,reviewed,us,us
2019-09-27T09:32:26.430Z,44.9503333,-73.3683333,6.48,1.43,ml,16,90,0.1943,0.23,ld,ld60067203,2021-05-13T22:01:48.349Z,"4 km S of Rouses Point, New York",earthquake,0.55,3.38,0.121,10,reviewed,ld,ld
2019-09-27T05:36:04.870Z,44.6058333,-74.4798333,7.37,0.51,ml,9,148,0.07491,0.19,ld,ld60067303,2021-05-13T22:01:47.816Z,"9 km SE of Saint Regis Falls, New York",earthquake,0.58,1.27,0.162,8,reviewed,ld,ld
2019-09-21T00:04:51.318Z,44.267,-72.283,4.59,1.6,ml,,110,0.258,0.39,us,us60005ly1,2019-12-10T17:27:03.040Z,"9 km NW of Groton, Vermont",earthquake,1.5,4.9,0.097,14,reviewed,us,us
2019-09-15T01:11:09.190Z,39.9253333,-76.9128333,5,2.81,ml,35,41,0.4384,0.34,ld,ld60177906,2021-05-13T22:01:47.276Z,"5 km ESE of East Berlin, Pennsylvania",earthquake,0.43,31.61,0.245,8,reviewed,ld,ld
2019-09-11T17:10:38.531Z,44.0861,-75.8961,0,2,ml,,96,0.679,0.56,us,us70005f4b,2019-12-05T18:30:59.040Z,"5 km N of Pamelia Center, New York",mining explosion,1.6,1.9,0.097,14,reviewed,us,us
2019-09-10T09:50:50.519Z,44.195,-71.4308,6.79,0.8,ml,,110,0.327,0.03,us,us70005g99,2019-12-05T18:31:04.040Z,"14 km NNW of Livermore, New Hampshire",earthquake,1.2,9.3,0.128,8,reviewed,us,us
2019-09-10T09:47:39.838Z,44.1622,-71.4261,5,2.3,mb_lg,,67,0.295,0.45,us,us70005e1l,2019-12-05T18:30:53.040Z,"10 km NNW of Livermore, New Hampshire",earthquake,1.8,1.9,0.154,11,reviewed,us,us
2019-09-06T03:02:17.980Z,43.6425,-74.0988333,5,1.58,ml,17,46,0.3441,0.35,ld,ld60066908,2021-05-13T22:01:46.749Z,"10 km SW of North Creek, New York",earthquake,0.49,31.61,0.193,10,reviewed,ld,ld
2019-09-06T03:00:37.880Z,43.6508333,-74.1015,5,1.37,ml,19,36,0.3468,0.26,ld,ld60066903,2021-05-13T22:01:46.219Z,"10 km WSW of North Creek, New York",earthquake,0.34,31.61,0.181,10,reviewed,ld,ld
2019-08-27T07:58:38.310Z,40.7441667,-78.037,2,1.18,ml,7,131,0.08303,0.21,ld,ld60066703,2021-05-13T22:01:45.693Z,"5 km SSW of Stormstown, Pennsylvania",earthquake,0.73,31.61,0.061,9,reviewed,ld,ld
2019-08-22T18:58:26.886Z,42.4763,-73.8643,0,1.9,ml,,68,0.293,0.33,us,us70005770,2019-11-08T22:13:34.040Z,"4 km WNW of Ravena, New York",mining explosion,1.3,1.9,0.105,12,reviewed,us,us
2019-08-20T19:50:19.507Z,41.4827,-77.3507,0,1.8,ml,,52,0.221,0.85,us,us600057mh,2019-11-08T22:13:36.040Z,"22 km WSW of Liberty, Pennsylvania",mining explosion,1.8,2,0.085,18,reviewed,us,us
2019-08-20T05:42:10.110Z,40.1226667,-76.3818333,2.09,1.01,ml,8,205,0.09573,0.17,ld,ld60176301,2019-08-20T12:51:44.460Z,"3 km NW of East Petersburg, Pennsylvania",earthquake,0.81,0.66,0.144,3,reviewed,ld,ld
2019-08-18T09:01:34.390Z,40.0066667,-75.6173333,11.82,1.12,ml,8,101,0.07467,0.09,ld,ld60176116,2019-08-18T11:38:19.340Z,"2 km S of Exton, Pennsylvania",earthquake,0.31,0.77,0.092,6,reviewed,ld,ld
2019-08-04T02:31:40.430Z,41.0003333,-74.2941667,5,0.84,ml,9,84,0.2924,0.14,ld,ld60175081,2019-08-04T11:12:38.520Z,"0 km SSW of Pompton Lakes, New Jersey",earthquake,0.35,31.61,0.105,6,reviewed,ld,ld
2019-07-29T05:18:02.130Z,40.3623333,-75.9681667,2,1.03,ml,10,116,0.004393,0.25,ld,ld60066403,2019-07-30T14:46:44.230Z,"1 km W of Greenfields, Pennsylvania",earthquake,0.68,31.61,0.167,5,reviewed,ld,ld
2019-07-27T11:50:12.303Z,41.4947,-72.6444,7.03,1.9,ml,,127,0.433,0.28,us,us60004wgw,2020-06-28T18:15:09.313Z,"3 km ENE of Durham, Connecticut",earthquake,1.8,5.5,0.094,15,reviewed,us,us
2019-07-27T00:17:16.370Z,44.6263333,-74.4478333,5,2.63,ml,27,51,0.09668,0.25,ld,ld60174461,2021-05-13T22:01:42.556Z,"9 km SE of Saint Regis Falls, New York",earthquake,0.32,31.61,0.121,13,reviewed,ld,ld
2019-07-25T04:57:41.300Z,39.7883333,-75.9193333,5,0.57,ml,6,220,0.2196,0.26,ld,ld60174246,2019-07-27T03:31:01.600Z,"5 km E of Oxford, Pennsylvania",earthquake,2.01,31.61,0.046,2,reviewed,ld,ld
2019-07-19T17:11:47.020Z,40.3773333,-76.0265,2,2.18,ml,7,232,0.04266,0.31,ld,ld60173971,2021-05-13T22:01:42.006Z,"4 km NW of Spring Ridge, Pennsylvania",earthquake,1.91,31.61,0.28,13,reviewed,ld,ld
2019-07-19T14:47:34.010Z,43.4683333,-74.2108333,5,2.22,ml,12,118,0.2135,0.5,ld,ld60173951,2021-05-13T22:01:41.452Z,"12 km ESE of Speculator, New York",earthquake,1.09,31.61,0.124,13,reviewed,ld,ld
2019-06-27T00:33:42.989Z,45.0766,-71.7238,5.36,1.7,ml,,65,0.644,0.53,us,us700046fg,2019-09-14T16:08:15.040Z,"8 km SE of Coaticook, Canada",earthquake,1.4,5.5,0.097,14,reviewed,us,us
2019-06-25T23:26:30.770Z,40.7516667,-73.9486667,2,0.93,ml,8,162,0.04036,0.17,ld,ld60171731,2021-05-13T22:01:40.917Z,"0 km N of Long Island City, New York",earthquake,0.76,31.61,0.249,4,reviewed,ld,ld
2019-06-13T01:32:36.930Z,40.4285,-77.5218333,28.15,1.29,ml,18,50,0.2719,0.29,ld,ld60171131,2021-05-13T22:01:39.839Z,"9 km NE of East Rutherford, Pennsylvania",earthquake,0.43,0.57,0.176,7,reviewed,ld,ld
2019-06-13T00:30:57.950Z,40.4218333,-77.5056667,26.71,3.44,ml,45,36,0.2605,0.4,ld,ld60171121,2021-05-13T22:01:39.304Z,"9 km N of Blain, Pennsylvania",earthquake,0.41,0.5,0.153,8,reviewed,ld,ld
2019-06-04T00:04:20.310Z,44.727,-74.575,5,0.25,ml,6,145,0.1074,0.14,ld,ld60066003,2019-06-05T20:20:41.650Z,"6 km NNW of Saint Regis Falls, New York",earthquake,0.73,31.61,0.111,3,reviewed,ld,ld
2019-06-01T09:49:53.310Z,39.1783333,-73.7245,7.01,1.96,ml,10,254,0.9633,0.23,ld,ld60170566,2021-05-13T22:01:38.169Z,"60 km ESE of Brigantine, New Jersey",earthquake,0.88,31.61,0.174,6,reviewed,ld,ld
2019-06-01T02:39:51.980Z,44.7248333,-74.5671667,5,0.27,ml,8,81,0.1057,0.26,ld,ld60065713,2019-06-03T14:05:17.110Z,"5 km NNW of Saint Regis Falls, New York",earthquake,0.63,31.61,0.164,6,reviewed,ld,ld
2019-06-01T02:37:14.510Z,44.7201667,-74.5395,5,0.06,ml,6,129,0.1051,0.09,ld,ld60065708,2019-06-03T14:05:05.510Z,"5 km N of Saint Regis Falls, New York",earthquake,0.42,31.61,0.03,4,reviewed,ld,ld
2019-05-31T23:34:13.420Z,44.7256667,-74.5698333,5,0.12,ml,7,82,0.1064,0.13,ld,ld60065703,2019-06-03T14:04:49.640Z,"6 km NNW of Saint Regis Falls, New York",earthquake,0.43,31.61,0.069,4,reviewed,ld,ld
2019-05-31T21:19:52.580Z,44.7273333,-74.5753333,5,2.59,ml,18,59,0.1078,0.2,ld,ld60170556,2021-05-13T22:01:37.657Z,"6 km NNW of Saint Regis Falls, New York",earthquake,0.33,31.61,0.154,13,reviewed,ld,ld
2019-05-30T12:18:57.930Z,44.729,-74.5928333,5,0.34,ml,6,152,0.1095,0.21,ld,ld60065803,2019-06-04T20:32:04.890Z,"New York",earthquake,0.71,31.61,0.116,4,reviewed,ld,ld
2019-05-05T12:00:53.700Z,45.0975,-73.5636667,5,0.58,ml,8,240,0.2631,0.22,ld,ld60065603,2019-05-30T13:16:10.800Z,"15 km N of Mooers, New York",earthquake,1.04,31.61,0.205,8,reviewed,ld,ld
2019-04-20T05:07:15.140Z,40.3121667,-75.9781667,5,0.87,ml,5,165,0.0511,0.11,ld,ld60065508,2021-05-13T22:01:37.124Z,"0 km ESE of Lincoln Park, Pennsylvania",earthquake,0.72,31.61,0.084,5,reviewed,ld,ld
2019-04-12T15:38:01.730Z,40.853,-74.1658333,5.16,1.83,ml,18,107,0.03326,0.19,ld,ld60168236,2021-05-13T22:01:36.612Z,"0 km SSW of Clifton, New Jersey",earthquake,0.3,0.76,0.193,17,reviewed,ld,ld
2019-04-11T00:17:33.640Z,40.3806667,-76.053,5,1.03,ml,8,212,0.06297,0.17,ld,ld60065408,2021-05-13T22:01:36.077Z,"6 km NNE of Wernersville, Pennsylvania",earthquake,0.94,31.61,0.121,6,reviewed,ld,ld
2019-04-10T17:46:38.790Z,40.3816667,-76.066,5,1.55,ml,8,215,0.07281,0.1,ld,ld60065403,2021-05-13T22:01:35.564Z,"5 km NNE of Wernersville, Pennsylvania",earthquake,0.63,31.61,0.128,8,reviewed,ld,ld
2019-04-09T11:22:43.100Z,40.398,-71.9855,7.06,3.04,ml,9,245,1.006,0.23,ld,ld60168101,2021-05-13T22:01:35.060Z,"63 km SSE of Sagaponack, New York",earthquake,1.25,31.61,0.233,11,reviewed,ld,ld
2019-04-07T12:38:44.870Z,44.3668333,-74.9775,5,1.18,ml,15,110,0.1919,0.26,ld,ld60065303,2019-04-09T16:46:21.650Z,"19 km NW of Cranberry Lake, New York",earthquake,0.55,31.61,0.135,13,reviewed,ld,ld
2019-03-18T17:57:50.140Z,40.3621667,-76.0426667,5,1.11,ml,8,125,0.05263,0.23,ld,ld60065003,2019-03-19T14:05:12.670Z,"4 km NW of Whitfield, Pennsylvania",earthquake,0.74,31.61,0.212,9,reviewed,ld,ld
2019-03-16T01:23:21.109Z,43.347,-71.6258,4.08,2.3,ml,,100,0.567,0.49,us,us1000jgxk,2019-06-01T21:24:17.040Z,"3 km N of Boscawen, New Hampshire",earthquake,1.3,5.2,0.081,20,reviewed,us,us
2019-03-13T02:45:47.970Z,44.9931667,-73.8981667,11.23,0.65,ml,10,200,0.2711,0.2,ld,ld60064903,2019-03-13T18:45:00.180Z,"4 km SSE of Franklin, Canada",earthquake,0.86,2.68,0.092,11,reviewed,ld,ld
2019-03-04T09:24:16.460Z,44.4828333,-75.7965,5.77,0.84,ml,11,207,0.512,0.23,ld,ld60064603,2019-03-06T14:24:46.870Z,"8 km WNW of Hammond, New York",earthquake,0.92,12.21,0.112,9,reviewed,ld,ld
2019-03-01T09:17:57.090Z,41.193,-71.6575,7.2,2.3,ml,,194,0.36,0.34,us,us1000j9u5,2020-11-08T14:47:45.546Z,"8 km WNW of New Shoreham, Rhode Island",earthquake,2.6,6,0.097,14,reviewed,us,us
2019-02-26T23:52:07.040Z,40.0458333,-77.5818333,5,1.09,ml,8,74,0.2682,0.36,ld,ld60064308,2021-05-13T22:01:32.428Z,"2 km ESE of Orrstown, Pennsylvania",earthquake,0.74,31.61,0.243,5,reviewed,ld,ld
2019-02-18T23:26:33.290Z,42.4758,-71.4926,5,1.1,ml,,121,0.057,0.53,us,us2000jka8,2019-05-01T22:01:04.040Z,"3 km ESE of Boxborough, Massachusetts",earthquake,1.2,1.6,0.128,8,reviewed,us,us
2019-02-13T19:29:45.700Z,43.4578333,-78.1108333,5,2.02,ml,11,112,0.2879,0.32,ld,ld60063903,2021-05-13T22:01:29.115Z,"23 km NW of Hamlin, New York",earthquake,0.7,31.61,0.128,4,reviewed,ld,ld
2019-02-08T18:30:49.530Z,42.4299,-70.8253,5,1.4,ml,,175,0.272,0.4,us,us2000jfl1,2019-04-25T15:31:57.040Z,"7 km E of Nahant, Massachusetts",earthquake,2.3,1.9,0.115,10,reviewed,us,us
2019-01-28T23:10:55.060Z,42.5948,-72.0352,5,1.6,ml,,68,0.163,0.46,us,us2000j9wv,2019-04-12T17:16:13.040Z,"3 km ESE of Baldwinville, Massachusetts",earthquake,1.1,1.8,0.091,16,reviewed,us,us
2019-01-26T23:44:14.290Z,44.3041667,-75.4751667,15.87,0.78,ml,9,207,0.348,0.2,ld,ld60063703,2021-05-13T22:01:26.528Z,"2 km WSW of Hailesboro, New York",earthquake,1.18,1.58,0.062,7,reviewed,ld,ld
2019-01-26T23:31:44.590Z,42.4647,-71.5265,1.52,0.9,ml,,93,0.047,0.7,us,us2000j9er,2019-04-12T17:15:43.040Z,"2 km S of Boxborough, Massachusetts",earthquake,1.4,3.6,0.115,10,reviewed,us,us
2019-01-17T04:26:55.370Z,39.6746667,-77.9316667,5,1.58,ml,9,105,0.2009,0.47,ld,ld60063603,2021-05-13T22:01:24.961Z,"2 km N of Clear Spring, Maryland",earthquake,1.03,31.61,0.204,19,reviewed,ld,ld
2019-01-16T16:17:14.530Z,45.1149,-70.8306,7.57,2.3,ml,,86,0.235,0.4,us,us2000j4xk,2019-04-05T21:40:59.040Z,"22 km NW of Rangeley, Maine",earthquake,2.3,2,0.097,14,reviewed,us,us
2019-01-16T04:30:15.650Z,44.8101667,-74.9271667,2,0.82,ml,11,124,0.1934,0.22,ld,ld60063503,2021-05-13T22:01:24.434Z,"5 km ENE of Norfolk, New York",earthquake,0.47,31.61,0.184,9,reviewed,ld,ld
2019-01-07T04:06:25.550Z,44.5961667,-74.614,5,1.27,ml,15,80,0.03236,0.26,ld,ld60063103,2021-05-13T22:01:22.865Z,"10 km SSW of Saint Regis Falls, New York",earthquake,0.41,31.61,0.097,12,reviewed,ld,ld
2019-01-05T01:12:41.890Z,43.7613,-71.3348,4.05,1.6,ml,,118,0.112,0.46,us,us2000j0g4,2019-03-08T17:50:16.040Z,"5 km E of Moultonborough, New Hampshire",earthquake,1.7,2.2,0.085,18,reviewed,us,us
2018-12-23T03:19:24.860Z,42.5705,-72.034,5,2.2,ml,,65,0.175,0.37,us,us2000iwih,2019-04-14T11:41:11.578Z,"2 km W of Gardner, Massachusetts",earthquake,1.3,1.8,0.081,20,reviewed,us,us
2018-12-21T23:08:38.750Z,42.5823,-72.0338,5,1.4,ml,,128,0.169,0.17,us,us2000iw7z,2019-02-23T20:22:24.040Z,"3 km WNW of Gardner, Massachusetts",earthquake,1.3,1.9,0.105,12,reviewed,us,us
2018-12-21T17:51:25.930Z,42.5809,-72.05,5,2.1,ml,,55,0.16,0.65,us,us2000iw0g,2019-02-23T20:21:02.040Z,"3 km NNE of Templeton, Massachusetts",earthquake,1.2,1.7,0.081,20,reviewed,us,us
2018-12-18T06:34:14.260Z,40.3296667,-76.0118333,5,1.27,ml,9,80,0.04436,0.21,ld,ld60063003,2021-05-13T22:01:22.341Z,"0 km NNW of Sinking Spring, Pennsylvania",earthquake,0.51,31.61,0.144,9,reviewed,ld,ld
2018-12-06T14:30:49.740Z,43.6848,-72.4161,4.75,2.1,ml,,70,0.096,0.26,us,us1000i40c,2019-09-13T00:22:10.127Z,"4 km N of Quechee, Vermont",earthquake,1.6,3.1,0.077,22,reviewed,us,us
2018-12-03T23:56:22.850Z,43.3833,-71.0406,5,2.1,ml,,116,0.317,0.45,us,us1000i1j1,2019-02-16T19:52:17.040Z,"2 km ESE of Farmington, New Hampshire",earthquake,1.3,2,0.081,20,reviewed,us,us
2018-11-25T13:34:09.740Z,45.2132,-73.885,10.45,2.2,ml,,77,0.341,0.27,us,us1000hwk4,2019-02-02T20:02:26.040Z,"7 km WSW of Sainte-Martine, Canada",earthquake,0.8,8.4,0.097,14,reviewed,us,us
2018-11-22T01:59:00.660Z,43.5,-71.6305,5,1.9,ml,,115,0.43,0.6,us,us1000hvbw,2019-02-02T20:02:28.040Z,"4 km WNW of Sanbornton, New Hampshire",earthquake,1.3,1.9,0.077,22,reviewed,us,us
2018-11-15T08:23:43.680Z,40.4395,-73.8055,5,1.37,ml,19,173,0.3704,0.26,ld,ld60163701,2021-05-13T22:01:21.825Z,"15 km SSE of Neponsit, New York",earthquake,0.67,31.61,0.268,13,reviewed,ld,ld
2018-11-01T16:00:35.280Z,40.8519,-77.6898,0,1.2,ml,,112,0.263,0.75,us,us2000i5en,2019-01-21T14:29:42.040Z,"0 km NNW of Centre Hall, Pennsylvania",mining explosion,1.4,1.9,0.128,8,reviewed,us,us
2018-10-15T00:49:47.870Z,43.2861,-71.6673,4.75,1.6,ml,,119,0.615,0.32,us,us1000hgev,2018-12-21T22:27:09.040Z,"4 km SW of Boscawen, New Hampshire",earthquake,1.8,4.5,0.081,20,reviewed,us,us
2018-09-22T06:35:58.380Z,43.6682,-72.3915,7.68,1.8,ml,,74,0.084,0.54,us,us2000hivd,2018-11-27T15:52:03.040Z,"3 km NE of Quechee, Vermont",earthquake,1.4,2.6,0.085,18,reviewed,us,us
2018-09-21T13:54:28.360Z,42.8221,-71.4167,5,1.9,ml,,128,0.332,0.4,us,us2000hivc,2018-11-27T15:52:02.040Z,"5 km ESE of Litchfield, New Hampshire",earthquake,1.4,1.5,0.091,16,reviewed,us,us
2018-09-17T14:21:38.510Z,39.7063333,-74.6248333,5,1.18,ml,7,299,0.133,0.27,ld,ld60161601,2018-09-17T18:15:22.800Z,"16 km NNE of Elwood, New Jersey",earthquake,1.32,31.61,0.19,3,reviewed,ld,ld
2018-09-15T05:57:23.750Z,40.3543333,-75.9883333,2,1.02,ml,8,77,0.01421,0.2,ld,ld60062003,2021-05-13T22:01:18.102Z,"0 km NE of Spring Ridge, Pennsylvania",earthquake,0.57,31.61,0.155,6,reviewed,ld,ld
2018-09-12T09:48:51.420Z,40.3683333,-75.9943333,2,1.69,ml,9,156,0.0165,0.22,ld,ld60061903,2021-05-13T22:01:17.423Z,"1 km NNW of Spring Ridge, Pennsylvania",earthquake,1.02,31.61,0.119,10,reviewed,ld,ld
2018-09-12T07:49:35.170Z,40.3523333,-75.9815,3,1.86,ml,8,78,0.01236,0.38,ld,ld60161406,2021-05-13T22:01:16.888Z,"0 km N of Colony Park, Pennsylvania",earthquake,0.97,31.61,0.143,10,reviewed,ld,ld
2018-09-02T22:06:35.770Z,44.2931,-71.0237,5.16,1.9,ml,,53,0.296,0.45,us,us2000h70w,2018-11-07T18:37:09.040Z,"11 km SSW of Gilead, Maine",earthquake,1,4.7,0.091,16,reviewed,us,us
2018-08-27T02:24:14.760Z,44.2265,-72.3393,5,1.3,ml,,124,0.297,0.36,us,us1000gift,2018-11-07T18:37:03.040Z,"9 km SE of Plainfield, Vermont",earthquake,1.2,1.9,0.105,12,reviewed,us,us
2018-08-17T03:24:00.500Z,39.0758333,-77.4786667,5,1.32,ml,12,112,0.5809,0.35,ld,ld60159661,2021-05-13T22:01:15.846Z,"2 km ENE of Belmont, Virginia",earthquake,0.94,31.61,0.154,5,reviewed,ld,ld
2018-08-06T08:52:40.020Z,44.9075,-75.1352,12.28,2,mb_lg,,64,0.136,0.45,us,us1000g6p8,2018-10-17T18:11:49.040Z,"3 km ENE of Morrisburg, Canada",earthquake,3.3,6.7,0.295,3,reviewed,us,us
2018-08-06T08:52:14.040Z,44.9155,-75.1548333,14.34,0.71,ml,9,144,0.1211,0.09,ld,ld60158641,2018-08-06T13:23:04.780Z,"2 km NE of Morrisburg, Canada",earthquake,0.38,0.87,0.073,7,reviewed,ld,ld
2018-08-02T06:59:20.020Z,43.2034,-71.7087,1.36,1.3,ml,,117,0.633,0.33,us,us1000g3r1,2018-10-16T15:34:12.040Z,"2 km SSE of Contoocook, New Hampshire",earthquake,1.3,4.8,0.081,20,reviewed,us,us
2018-07-29T20:09:06.970Z,45.1078333,-74.773,10,1.52,ml,16,202,0.328,0.15,ld,ld60157781,2018-08-01T13:52:48.780Z,"Ontario-Quebec border region, Canada",earthquake,0.6,31.61,0.118,14,reviewed,ld,ld
2018-07-29T19:51:18.210Z,41.0677,-73.6051,10.27,1.4,ml,,100,0.171,0.37,us,us2000gh0k,2018-10-09T16:43:20.040Z,"3 km N of Cos Cob, Connecticut",earthquake,1.5,7.6,0.128,8,reviewed,us,us
2018-07-23T15:17:33.940Z,41.0628333,-73.8368333,10.08,1.49,ml,11,76,0.07848,0.12,ld,ld60157046,2021-05-13T22:01:14.788Z,"1 km WNW of Elmsford, New York",earthquake,0.32,0.85,0.116,9,reviewed,ld,ld
2018-07-16T17:43:55.430Z,43.1934,-70.7048,5,2.1,mb_lg,,137,0.821,0.71,us,us2000gb14,2018-10-04T14:15:30.040Z,"6 km W of Cape Neddick, Maine",earthquake,1.3,2,0.136,14,reviewed,us,us
2018-07-14T06:53:22.740Z,41.4726,-72.6485,1.06,1.1,ml,,131,0.451,0.54,us,us2000g5px,2018-10-02T16:40:43.040Z,"2 km ESE of Durham, Connecticut",earthquake,1.8,6.1,0.105,12,reviewed,us,us
2018-07-12T02:20:07.650Z,44.794,-74.2723333,11.99,1.37,ml,14,105,0.1729,0.26,ld,ld60155766,2018-07-12T02:46:38.940Z,"6 km SSE of Malone, New York",earthquake,0.64,1.52,0.156,12,reviewed,ld,ld
2018-07-11T03:32:13.500Z,41.6945,-71.7539,5,1.3,ml,,147,0.364,0.28,us,us2000g5pa,2018-10-02T16:40:42.040Z,"0 km WNW of Greene, Rhode Island",earthquake,1.2,1.9,0.097,14,reviewed,us,us
2018-07-02T07:19:11.200Z,44.7188,-70.7405,7.01,0.9,ml,,146,0.329,0.37,us,us2000fzj8,2018-09-27T14:03:44.040Z,"Maine",earthquake,2.5,5.1,0.105,12,reviewed,us,us
2018-06-27T08:56:55.000Z,45.26,-73.86,18,2.3,mb_lg,,,,0.65,us,us2000fss5,2018-09-21T16:25:58.040Z,"4 km WNW of Sainte-Martine, Canada",earthquake,2.2,2,,,reviewed,ott,ott
2018-06-27T06:37:25.550Z,43.2732,-71.6762,5,1.1,ml,,118,0.619,0.52,us,us2000fsse,2018-09-21T16:25:56.040Z,"6 km NNE of Contoocook, New Hampshire",earthquake,1.6,1.9,0.097,14,reviewed,us,us
2018-06-25T12:37:32.790Z,42.7688333,-78.9131667,4.29,0.57,ml,7,228,0.1641,0.19,ld,ld60154276,2018-07-05T14:34:44.260Z,"2 km NNW of Wanakah, New York",earthquake,1,11.43,0.058,3,reviewed,ld,ld
2018-06-25T06:30:13.830Z,42.0958,-71.3677,5,1.4,ml,,105,0.29,0.36,us,us1000f1kv,2018-09-21T16:25:56.040Z,"2 km ENE of Franklin, Massachusetts",earthquake,1.3,1.9,0.097,14,reviewed,us,us
2018-06-21T04:28:37.740Z,39.7965,-74.6313333,12,1.65,ml,17,189,0.1745,0.24,ld,ld60153906,2018-06-21T11:17:28.780Z,"12 km SSE of Leisuretowne, New Jersey",earthquake,0.64,1.49,0.176,14,reviewed,ld,ld
2018-06-13T06:56:38.050Z,41.4348,-71.1882,5,1.3,ml,,195,0.426,0.56,us,us1000etln,2018-09-07T17:47:07.040Z,"12 km ESE of Newport, Rhode Island",earthquake,2.1,2,0.115,10,reviewed,us,us
2018-06-12T14:07:43.570Z,43.2963333,-77.308,5,1.12,ml,10,109,0.3293,0.16,ld,ld60153106,2021-05-13T22:01:13.204Z,"8 km NNW of Ontario, New York",earthquake,0.38,31.61,0.162,4,reviewed,ld,ld
2018-06-02T08:10:21.600Z,44.6405,-74.9686667,2,0.85,ml,10,227,0.08367,0.22,ld,ld60060303,2018-06-07T14:22:18.390Z,"3 km N of Hannawa Falls, New York",earthquake,0.84,31.61,0.128,7,reviewed,ld,ld
2018-05-31T10:42:49.620Z,40.9543333,-73.7655,2,0.82,ml,8,208,0.1194,0.12,ld,ld60060203,2018-06-03T17:42:33.290Z,"2 km WNW of Mamaroneck, New York",earthquake,0.55,31.61,0.137,5,reviewed,ld,ld
2018-05-27T09:55:40.500Z,44.6215,-74.9698333,5,0.58,ml,7,228,0.06513,0.18,ld,ld60060408,2018-06-08T21:04:14.350Z,"1 km N of Hannawa Falls, New York",earthquake,1.08,31.61,0.159,6,reviewed,ld,ld
2018-05-25T20:22:32.100Z,41.128,-74.043,5,1.78,ml,13,76,0.07589,0.15,ld,ld60151831,2021-05-13T22:01:12.684Z,"0 km W of Hillcrest, New York",earthquake,0.3,31.61,0.155,16,reviewed,ld,ld
2018-05-23T17:50:10.780Z,41.6488333,-74.6353333,0.02,1.78,ml,6,256,0.3832,0.23,ld,ld60151771,2018-05-24T14:06:53.820Z,"4 km NW of Rock Hill, New York",quarry blast,1.5,31.61,0.125,9,reviewed,ld,ld
2018-05-08T21:27:39.510Z,43.7347,-78.949,5.05,3,mb_lg,,,,0.52,us,us1000e121,2018-08-08T15:19:40.040Z,"14 km SSE of Ajax, Canada",earthquake,1.2,3.5,,,reviewed,ott,ott
2018-05-07T06:49:03.500Z,44.6286667,-74.9595,2,0.98,ml,13,152,0.07113,0.34,ld,ld60060403,2018-06-08T21:03:39.700Z,"2 km NNE of Hannawa Falls, New York",earthquake,0.88,31.61,0.159,9,reviewed,ld,ld
2018-05-04T07:58:19.080Z,43.5925,-77.2621667,5.24,1.51,ml,9,107,0.3929,0.24,ld,ld60150641,2018-05-04T12:02:12.030Z,"35 km N of Pultneyville, New York",earthquake,0.54,13.08,0.113,8,reviewed,ld,ld
2018-04-08T23:03:47.660Z,44.746,-74.6155,5,1.15,ml,13,94,0.1218,0.19,ld,ld60149711,2018-04-09T03:05:53.050Z,"9 km NW of Saint Regis Falls, New York",earthquake,0.38,31.61,0.086,5,reviewed,ld,ld
2018-04-07T03:25:18.550Z,41.6507,-71.3674,5,1.4,ml,,145,0.487,0.45,us,us2000dxbs,2018-06-30T01:11:32.040Z,"6 km SE of Warwick, Rhode Island",earthquake,1.4,1.9,0.091,16,reviewed,us,us
2018-04-05T22:19:52.890Z,41.478,-77.3828,0,2.6,mb_lg,,27,0.237,0.55,us,us2000dv94,2018-06-30T01:11:30.040Z,"24 km WSW of Liberty, Pennsylvania",mining explosion,2,2,0.089,33,reviewed,us,us
2018-04-05T10:22:36.800Z,44.7618333,-74.6135,5,0.7,ml,8,174,0.109,0.24,ld,ld60059903,2018-04-09T13:50:11.920Z,"10 km SW of Brushton, New York",earthquake,0.72,31.61,0.07,4,reviewed,ld,ld
2018-04-03T16:09:07.750Z,43.5285,-71.5273,5.48,1.4,ml,,120,0.372,0.21,us,us1000dshn,2018-06-30T01:11:26.040Z,"4 km W of Laconia, New Hampshire",earthquake,1,4.3,0.091,16,reviewed,us,us
2018-03-21T22:51:58.970Z,44.8595,-74.7231667,4.03,1.88,ml,17,99,0.1554,0.21,ld,ld60148911,2021-05-13T22:01:11.640Z,"7 km NE of Brasher Falls, New York",earthquake,0.35,14.49,0.126,15,reviewed,ld,ld
2018-03-21T04:59:13.250Z,44.753,-74.5946667,5,2.67,ml,18,52,0.1072,0.16,ld,ld60148906,2021-05-13T22:01:11.049Z,"9 km NNW of Saint Regis Falls, New York",earthquake,0.25,31.61,0.163,14,reviewed,ld,ld
2018-03-07T10:07:40.020Z,43.2483,-71.6596,3.19,2.4,mb_lg,,50,0.601,0.46,us,us2000ddq5,2018-06-08T05:12:13.040Z,"5 km ENE of Contoocook, New Hampshire",earthquake,1.4,4.9,0.193,7,reviewed,us,us
2018-02-27T11:06:22.770Z,41.3348,-73.0121,11.1,1.5,ml,,119,0.069,0.31,us,us2000dbkk,2018-05-27T01:06:03.040Z,"2 km S of Woodbridge, Connecticut",earthquake,0.9,3.7,0.097,14,reviewed,us,us
2018-02-15T14:28:55.640Z,42.9206,-71.0106,7.27,2.7,mb_lg,,126,0.202,0.4,us,us2000d2m8,2020-05-21T05:43:59.707Z,"0 km SE of East Kingston, New Hampshire",earthquake,2.2,5.8,0.079,42,reviewed,us,us
2018-02-15T01:34:25.650Z,45.0728,-70.9056,12.31,1.6,ml,,137,0.302,0.55,us,us2000d50u,2018-05-15T06:29:07.040Z,"23 km WNW of Rangeley, Maine",earthquake,2.7,7.8,0.115,10,reviewed,us,us
2018-02-14T03:05:03.170Z,43.8099,-71.365,8.51,1,ml,,143,0.067,0.46,us,us2000d2im,2018-05-15T06:29:05.040Z,"4 km ENE of Sandwich, New Hampshire",earthquake,2.5,2.8,0.115,10,reviewed,us,us
2018-02-13T23:44:22.300Z,43.4846,-71.5656,5.21,2,ml,,76,0.423,0.48,us,us2000d1r7,2018-05-15T06:29:05.040Z,"1 km ESE of Sanbornton, New Hampshire",earthquake,0.9,3.5,0.071,26,reviewed,us,us
2018-02-07T13:39:47.270Z,41.3661667,-73.874,6.78,1.28,ml,7,77,0.1142,0.14,ld,ld60059403,2018-02-07T20:13:09.090Z,"5 km NNW of Lake Mohegan, New York",earthquake,0.57,2.23,,0,reviewed,ld,ld
2018-02-07T11:15:43.860Z,41.362,-73.8661667,4.06,1.26,ml,5,209,0.1213,0.05,ld,ld60059303,2018-02-07T20:12:55.740Z,"5 km NNW of Lake Mohegan, New York",earthquake,0.73,6.9,,0,reviewed,ld,ld
2018-02-07T11:14:00.840Z,41.362,-73.871,6.24,2.17,ml,26,38,0.1181,0.26,ld,ld60147401,2021-05-13T22:01:08.402Z,"5 km NNW of Lake Mohegan, New York",earthquake,0.28,1.99,0.107,28,reviewed,ld,ld
2018-01-24T06:05:45.540Z,43.7939,-71.0051,5.55,1.6,ml,,148,0.252,0.5,us,us2000cp6g,2018-04-20T07:05:15.040Z,"3 km SE of Freedom, New Hampshire",earthquake,0.9,4.2,0.115,10,reviewed,us,us
2018-01-18T10:11:40.650Z,44.6253333,-74.5573333,8.16,0.38,ml,5,179,0.01911,0.14,ld,ld60059103,2018-01-22T17:18:37.680Z,"5 km S of Saint Regis Falls, New York",earthquake,0.96,1.07,0.113,3,reviewed,ld,ld
2018-01-08T03:02:31.000Z,45.106,-74.222,5,1.6,ml,,,,0.37,us,us1000c2yh,2018-04-03T01:40:22.040Z,"5 km WNW of Huntingdon, Canada",earthquake,1.3,1.4,0.105,12,reviewed,ott,us
2018-01-03T16:20:19.700Z,40.3043333,-75.8966667,9.47,0.93,ml,9,98,0.08328,0.27,ld,ld60058503,2018-01-03T18:22:38.850Z,"2 km SW of Reiffton, Pennsylvania",earthquake,0.8,1.92,0.161,5,reviewed,ld,ld
2017-12-25T09:00:17.920Z,44.819,-74.8833333,4.37,1.44,ml,7,172,0.1797,0.21,ld,ld60058403,2017-12-29T14:38:28.020Z,"8 km WNW of Winthrop, New York",earthquake,0.68,31.61,0.145,2,reviewed,ld,ld
2017-12-21T04:34:25.290Z,43.679,-72.4017,6.24,2.3,ml,,73,0.087,0.31,us,us1000bu6p,2019-07-01T15:18:40.001Z,"3 km NNE of Quechee, Vermont",earthquake,1.1,3.1,0.081,20,reviewed,us,us
2017-12-17T06:37:32.630Z,41.6331,-72.7149,3.61,2,ml,,92,0.348,0.4,us,us2000c5ib,2018-03-14T00:58:20.040Z,"4 km E of Kensington, Connecticut",earthquake,0.9,7.8,0.077,22,reviewed,us,us
2017-12-13T00:45:27.330Z,39.2578333,-75.436,2.73,1.24,ml,6,261,0.5739,0.2,ld,ld60057603,2017-12-13T17:09:39.840Z,"7 km ENE of Leipsic, Delaware",earthquake,1.16,2.81,0.081,4,reviewed,ld,ld
2017-11-30T21:47:31.250Z,39.1977,-75.4325,9.87,4.1,mwr,,129,0.633,1.3,us,us1000bjkn,2021-07-16T14:18:21.380Z,"3 km NNE of Little Creek, Delaware",earthquake,2.5,4.4,0.031,100,reviewed,ld,us
2017-11-28T03:21:29.210Z,42.4356667,-80.228,5.29,1.56,ml,8,189,0.364,0.29,ld,ld60057203,2017-11-29T14:50:52.800Z,"28 km SE of Port Rowan, Canada",earthquake,1.11,15.78,0.195,8,reviewed,ld,ld
2017-11-28T01:48:25.050Z,42.4827,-71.538,6.74,1.6,ml,,112,0.028,0.38,us,us2000bv9j,2018-02-20T09:06:05.040Z,"1 km SW of Boxborough, Massachusetts",earthquake,1.5,2.4,0.085,18,reviewed,us,us
2017-11-27T02:48:59.270Z,43.861,-75.3158333,5,1.76,ml,21,64,0.2728,0.19,ld,ld60145901,2021-05-13T22:01:06.259Z,"7 km ESE of Croghan, New York",earthquake,0.29,31.61,0.198,19,reviewed,ld,ld
2017-11-11T15:55:43.840Z,39.261,-77.0393333,4.05,1.48,ml,5,256,0.2145,0.14,ld,ld60057003,2021-05-13T22:01:05.741Z,"9 km N of Brookeville, Maryland",earthquake,1.25,10.79,0.042,1,reviewed,ld,ld
2017-11-08T13:33:43.740Z,40.4706667,-74.149,4.34,1.37,ml,15,193,0.3509,0.17,ld,ld60145101,2017-11-09T18:12:08.910Z,"3 km NNW of Keansburg, New Jersey",earthquake,0.51,12.4,0.226,14,reviewed,ld,ld
2017-10-30T00:34:30.630Z,39.2795,-77.0511667,2,1.52,ml,6,188,0.2092,0.1,ld,ld60056703,2021-05-13T22:01:04.674Z,"10 km NE of Laytonsville, Maryland",earthquake,1.62,31.61,0.207,4,reviewed,ld,ld
2017-10-20T04:49:47.630Z,43.0699,-72.0167,6.06,1.4,ml,,97,0.435,0.14,us,us1000av3r,2018-01-11T02:22:08.040Z,"7 km NW of Antrim, New Hampshire",earthquake,1.2,4.4,0.091,16,reviewed,us,us
2017-10-18T00:15:13.350Z,43.6065,-74.5106667,5,1.39,ml,19,69,0.1418,0.21,ld,ld60144241,2017-10-18T11:02:11.606Z,"17 km NNW of Lake Pleasant, New York",earthquake,0.33,31.61,0.141,17,reviewed,ld,ld
2017-10-17T21:41:25.280Z,43.5287,-71.6,3.07,1.9,ml,,74,0.07,0.39,us,us1000ati2,2018-01-11T02:22:05.040Z,"4 km NNW of Sanbornton, New Hampshire",earthquake,0.8,3.4,0.077,22,reviewed,us,us
2017-10-06T14:48:14.680Z,45.2607,-75.678,16.6,2.5,mb_lg,,57,0.136,0.45,us,us1000aw7t,2018-01-03T01:54:48.040Z,"9 km SSE of Nepean, Canada",earthquake,1.8,4.3,,,reviewed,us,ott
2017-10-05T14:50:08.870Z,44.094,-75.2378333,4,1.25,ml,11,133,0.152,0.32,ld,ld60143826,2017-10-05T15:14:35.770Z,"9 km SE of Harrisville, New York",earthquake,0.87,31.61,0.202,10,reviewed,ld,ld
2017-10-02T08:12:38.320Z,43.6653,-71.32,7.15,1.4,ml,,135,0.209,0.38,us,us2000b0e8,2018-01-03T01:54:42.040Z,"2 km SSW of Melvin Village, New Hampshire",earthquake,1.6,7.1,0.105,12,reviewed,us,us
2017-10-01T03:09:53.900Z,41.6481,-70.9053,6.51,1.6,ml,,141,0.212,0.37,us,us2000axpk,2018-01-03T01:54:41.040Z,"1 km N of Fairhaven, Massachusetts",earthquake,1.5,7.2,0.097,14,reviewed,us,us
2017-09-30T12:05:53.350Z,40.8093333,-74.5095,11.51,0.98,ml,9,107,0.2598,0.14,ld,ld60143701,2021-05-13T22:01:04.154Z,"2 km WNW of Morristown, New Jersey",earthquake,0.39,1.94,0.189,7,reviewed,ld,ld
2017-09-25T22:35:06.690Z,40.7986667,-74.5138333,5,1.71,ml,16,109,0.2662,0.17,ld,ld60143416,2021-05-13T22:01:03.630Z,"2 km W of Morristown, New Jersey",earthquake,0.35,31.61,0.193,19,reviewed,ld,ld
2017-09-14T19:13:49.790Z,43.1721667,-78.8861667,4.49,1.13,ml,6,246,0.2067,0.12,ld,ld60143041,2017-09-15T15:42:38.660Z,"3 km N of Sanborn, New York",earthquake,0.85,31.61,0.105,5,reviewed,ld,ld
2017-09-06T07:21:09.950Z,43.2621667,-78.7181667,5,1.87,ml,11,121,0.05865,0.25,ld,ld60142701,2021-05-13T22:01:03.092Z,"2 km SSW of Newfane, New York",earthquake,0.57,31.61,0.203,12,reviewed,ld,ld
2017-09-06T00:10:16.170Z,42.5869,-72.2372,5,1.7,ml,,67,0.078,0.78,us,us2000agge,2017-12-07T20:00:15.040Z,"1 km SW of Athol, Massachusetts",earthquake,1.1,1.9,0.077,22,reviewed,us,us
2017-09-04T02:00:56.580Z,43.7023,-71.3159,5,1.6,ml,,132,0.172,0.12,us,us2000aj6n,2017-12-07T20:00:09.040Z,"1 km NNW of Melvin Village, New Hampshire",earthquake,1.1,1.9,0.105,12,reviewed,us,us
2017-08-29T08:41:29.390Z,45.2513333,-73.9035,12.9,1.17,ml,14,99,0.318,0.28,ld,ld60055803,2021-05-13T22:01:02.563Z,"7 km SSW of Beauharnois, Canada",earthquake,0.49,3.45,0.13,12,reviewed,ld,ld
2017-08-21T01:25:44.450Z,40.0896667,-76.4778333,2,0.39,ml,6,174,0.1331,0.11,ld,ld60055703,2017-08-21T15:55:06.850Z,"Pennsylvania",earthquake,0.46,31.61,0.143,3,reviewed,ld,ld
2017-08-10T10:42:25.280Z,44.2723333,-76.3145,4.13,1.38,ml,11,182,0.1363,0.28,ld,ld60055403,2017-08-10T17:15:50.170Z,"13 km WSW of Gananoque, Canada",earthquake,0.91,16.95,0.174,12,reviewed,ld,ld
2017-08-09T10:58:25.670Z,45.2115,-74.801,17.86,1.71,ml,14,143,0.2179,0.11,ld,ld60140646,2021-05-13T22:01:01.506Z,"22 km NNW of Cornwall, Canada",earthquake,0.35,0.84,0.152,13,reviewed,ld,ld
2017-08-05T05:26:56.700Z,39.7963333,-76.3518333,5,1.83,ml,8,137,0.2026,0.2,ld,ld60140301,2017-08-05T14:36:55.849Z,"4 km NNE of Susquehanna Trails, Pennsylvania",earthquake,0.4,31.61,0.216,13,reviewed,ld,ld
2017-07-25T04:56:59.060Z,43.6716,-71.3522,5,1.7,ml,,132,0.203,0.42,us,us2000a137,2017-10-14T00:19:39.040Z,"4 km WSW of Melvin Village, New Hampshire",earthquake,1.2,2,0.085,18,reviewed,us,us
2017-07-18T10:07:11.990Z,44.7295,-74.6421667,6,2.09,ml,16,71,0.1467,0.24,ld,ld60138406,2021-05-13T22:01:00.987Z,"9 km NW of Saint Regis Falls, New York",earthquake,0.36,31.61,0.265,14,reviewed,ld,ld
2017-07-14T19:12:22.700Z,44.8863333,-74.7068333,4.01,0.54,ml,6,245,0.1499,0.24,ld,ld60055008,2017-07-17T15:54:07.950Z,"10 km NNE of Brasher Falls, New York",earthquake,1.51,31.61,0.118,3,reviewed,ld,ld
2017-07-14T19:10:12.320Z,44.8918333,-74.7163333,5,1.3,ml,9,137,0.1487,0.24,ld,ld60054903,2017-07-17T15:53:54.030Z,"New York",earthquake,0.63,31.61,0.162,9,reviewed,ld,ld
2017-07-11T07:30:15.840Z,43.7551667,-74.1655,4.58,0.85,ml,12,148,0.2221,0.21,ld,ld60055103,2017-07-19T19:42:59.590Z,"15 km WNW of North Creek, New York",earthquake,0.53,31.61,0.118,12,reviewed,ld,ld
2017-07-11T06:27:46.260Z,43.433,-78.5893333,5,2.52,ml,13,108,0.1642,0.35,ld,ld60138006,2021-05-13T22:01:00.463Z,"11 km NNW of Barker, New York",earthquake,0.83,31.61,0.273,14,reviewed,ld,ld
2017-07-07T11:04:12.670Z,42.854,-79.332,3.8,2.07,ml,14,153,0.3581,0.26,ld,ld60137751,2021-05-13T22:00:59.930Z,"9 km WSW of Port Colborne, Canada",earthquake,0.74,2.69,0.19,14,reviewed,ld,ld
2017-07-05T08:27:56.630Z,41.0669,-73.5312,10.35,0.9,ml,,88,0.143,0.36,us,us10009751,2017-10-03T00:47:49.040Z,"New York",earthquake,1.7,5.6,0.115,10,reviewed,us,us
2017-06-30T10:27:45.900Z,43.8715,-73.2788333,4.59,2.19,ml,20,61,0.2232,0.22,ld,ld60054703,2021-05-13T22:00:59.411Z,"11 km ENE of Ticonderoga, New York",earthquake,0.25,31.61,0.242,24,reviewed,ld,ld
2017-06-30T10:27:29.620Z,43.8758333,-73.2881667,5,1.31,ml,16,76,0.2279,0.23,ld,ld60137301,2021-05-13T22:00:58.869Z,"11 km ENE of Ticonderoga, New York",earthquake,0.38,31.61,0.156,7,reviewed,ld,ld
2017-06-21T14:48:14.570Z,44.6996667,-74.3808333,5,1.16,ml,13,108,0.1649,0.17,ld,ld60054503,2017-06-22T14:01:12.430Z,"13 km ENE of Saint Regis Falls, New York",earthquake,0.32,31.61,0.137,11,reviewed,ld,ld
2017-06-13T18:31:17.810Z,43.5544,-70.7245,12.78,1.8,ml,,130,0.472,0.54,us,us20009mau,2017-08-18T23:13:26.040Z,"2 km NNW of Waterboro, Maine",earthquake,2,8,0.085,18,reviewed,us,us
2017-06-01T07:22:44.990Z,43.7361667,-73.3371667,4.15,1.34,ml,19,70,0.3313,0.18,ld,ld60054303,2021-05-13T22:00:57.765Z,"3 km NNW of Benson, Vermont",earthquake,0.29,31.61,0.235,25,reviewed,ld,ld
2017-05-13T19:04:11.340Z,43.87,-73.2646667,12.74,1.32,ml,12,146,0.2142,0.13,ld,ld60054203,2017-05-16T13:31:54.770Z,"12 km W of Leicester, Vermont",earthquake,0.36,1.74,0.267,15,reviewed,ld,ld
2017-05-11T06:53:22.540Z,40.1458333,-80.4838333,1,2.12,ml,5,125,0.08897,0.24,ld,ld60134771,2017-05-12T15:59:49.319Z,"4 km NNE of West Alexander, Pennsylvania",earthquake,0.68,31.61,0.14,16,reviewed,ld,ld
2017-04-29T06:55:25.790Z,43.7193333,-73.3066667,7.48,1.32,ml,16,96,0.3268,0.21,ld,ld60053803,2021-05-13T22:00:57.254Z,"1 km NNE of Benson, Vermont",earthquake,0.43,5.73,0.209,19,reviewed,ld,ld
2017-04-25T11:48:03.460Z,44.6746667,-74.579,9.13,0.98,ml,10,101,0.1731,0.15,ld,ld60053603,2017-04-26T16:50:17.620Z,"2 km W of Saint Regis Falls, New York",earthquake,0.42,2.38,0.123,9,reviewed,ld,ld
2017-04-23T20:49:08.240Z,39.993,-76.3126667,5,2.3,ml,11,108,0.02979,0.27,ld,ld60134206,2021-05-13T22:00:56.734Z,"3 km WNW of Willow Street, Pennsylvania",earthquake,0.69,31.61,0.28,22,reviewed,ld,ld
2017-04-10T22:35:43.660Z,41.5425,-73.655,8.11,1.31,ml,10,93,0.2237,0.12,ld,ld60133341,2021-05-13T22:00:56.213Z,"4 km WSW of Pawling, New York",earthquake,0.37,2.59,0.176,16,reviewed,ld,ld
2017-04-08T23:10:50.430Z,43.7765,-71.3678,2.33,1.6,ml,,146,0.1,0.32,us,us10008fzm,2017-06-23T07:26:37.040Z,"3 km NE of Moultonborough, New Hampshire",earthquake,1.6,4.5,0.105,12,reviewed,us,us
2017-03-25T17:44:49.520Z,40.8338333,-74.4828333,6.03,1.31,ml,15,106,0.1636,0.14,ld,ld60132801,2021-05-13T22:00:54.668Z,"1 km N of Morris Plains, New Jersey",earthquake,0.28,2.11,0.25,20,reviewed,ld,ld
2017-03-12T16:49:22.100Z,44.6768333,-74.5295,5,1.33,ml,15,97,0.06868,0.19,ld,ld60052803,2017-03-13T14:06:44.090Z,"1 km ENE of Saint Regis Falls, New York",earthquake,0.32,31.61,0.18,14,reviewed,ld,ld
2017-02-27T04:53:26.440Z,43.2939,-71.7038,8.94,1.9,ml,,108,0.179,0.6,us,us20008mm5,2019-03-16T02:20:57.485Z,"4 km SSE of Webster, New Hampshire",earthquake,1.4,2.2,0.074,24,reviewed,us,us
2017-02-25T02:31:31.060Z,44.6175,-75.8178333,5,1.87,ml,19,204,0.6224,0.24,ld,ld60132346,2017-02-26T03:55:58.550Z,"10 km WNW of Brockville, Canada",earthquake,0.72,31.61,0.208,13,reviewed,ld,ld
2017-02-18T03:16:35.130Z,44.9641667,-73.9165,18.94,0.65,ml,9,215,0.2666,0.13,ld,ld60052703,2017-02-20T14:35:40.360Z,"7 km S of Franklin, Canada",earthquake,0.74,1.19,0.208,7,reviewed,ld,ld
2017-02-11T19:59:09.280Z,42.9407,-71.5573,6,1.8,ml,,130,0.434,0.39,us,us20008j8h,2017-05-09T01:24:34.040Z,"3 km W of Bedford, New Hampshire",earthquake,1.8,3.9,0.085,18,reviewed,us,us
2017-02-11T19:15:43.720Z,42.9458,-71.5412,11.14,2.2,ml,,79,0.439,0.39,us,us20008j7l,2018-02-15T14:47:00.939Z,"2 km W of Bedford, New Hampshire",earthquake,0.6,7,0.069,28,reviewed,us,us
2017-02-02T06:31:32.450Z,41.6726,-72.3726,7.78,1.6,ml,,98,0.164,0.33,us,us20008hay,2017-04-27T01:38:42.040Z,"1 km NNW of Hebron, Connecticut",earthquake,1.5,3,0.085,18,reviewed,us,us
2017-01-21T15:35:05.070Z,44.6333333,-73.6031667,13.99,1.72,ml,15,74,0.2019,0.26,ld,ld60131501,2021-05-13T22:00:47.491Z,"7 km SSW of Morrisonville, New York",earthquake,0.37,1.48,0.238,19,reviewed,ld,ld
2017-01-20T12:22:39.010Z,43.5555,-71.555,5.98,1.9,ml,,113,0.111,0.36,us,us10007ubm,2017-04-12T02:29:03.040Z,"7 km WNW of Laconia, New Hampshire",earthquake,1.3,3.7,0.081,20,reviewed,us,us
2017-01-12T06:57:08.730Z,41.6886,-71.5128,2.08,1.6,ml,,237,0.228,0.41,us,us10007wk5,2017-04-01T00:26:10.040Z,"1 km SE of West Warwick, Rhode Island",earthquake,2.4,5.4,0.115,10,reviewed,us,us
2017-01-01T18:21:44.690Z,43.2067,-73.0534,5,1.6,ml,,106,0.39,0.57,us,us10007pds,2017-03-27T23:53:17.040Z,"3 km N of Manchester Center, Vermont",earthquake,1.3,2,0.091,16,reviewed,us,us
2016-12-25T08:38:43.700Z,44.2048,-73.0289,1.71,1.8,ml,,87,0.23,0.38,us,us10007mtw,2017-03-23T22:52:02.040Z,"3 km SE of Starksboro, Vermont",earthquake,1.5,3.3,0.097,14,reviewed,us,us
2016-12-22T06:41:28.760Z,43.4867,-71.2551,6.73,1.7,ml,,142,0.29,0.24,us,us10007m4e,2017-03-16T02:31:33.040Z,"4 km NW of Alton, New Hampshire",earthquake,1.6,6.1,0.081,20,reviewed,us,us
2016-11-28T10:20:22.230Z,44.5862,-71.24,7.16,2,ml,,133,0.061,0.46,us,us10007czy,2017-02-23T00:11:51.040Z,"4 km SW of Dummer, New Hampshire",earthquake,1,3.3,0.085,18,reviewed,us,us
2016-11-12T03:39:44.330Z,44.9739,-71.1838,1.19,1.7,ml,,179,0.4,0.27,us,us1000777m,2017-02-09T03:02:19.040Z,"18 km ESE of Pittsburg, New Hampshire",earthquake,2.2,3.6,0.115,10,reviewed,us,us
2016-11-09T05:46:55.800Z,42.7391667,-79.0873333,4.12,1.39,ml,13,108,0.2541,0.3,ld,ld60051703,2016-11-09T22:34:18.903Z,"9 km NNW of Angola on the Lake, New York",earthquake,0.5,31.61,0.304,11,reviewed,ld,ld
2016-11-06T12:15:02.360Z,40.4401667,-73.8001667,4.41,1.98,ml,27,173,0.2933,0.27,ld,ld60129006,2021-05-13T22:00:41.606Z,"15 km SSE of Neponsit, New York",earthquake,0.52,1.98,0.229,21,reviewed,ld,ld
2016-11-06T10:11:15.130Z,39.8645,-75.1253333,5,1.46,ml,14,137,0.2582,0.24,ld,ld60129001,2021-05-13T22:00:41.072Z,"0 km SE of Westville, New Jersey",earthquake,0.5,31.61,0.089,12,reviewed,ld,ld
2016-10-31T06:58:10.650Z,43.4056,-71.7838,5,1.6,ml,,130,0.114,0.41,us,us100073ce,2017-01-24T02:02:12.040Z,"4 km SE of Andover, New Hampshire",earthquake,2.3,2,0.097,14,reviewed,us,us
2016-10-31T06:54:35.160Z,43.3945,-71.7734,5,1.3,ml,,188,0.115,0.06,us,us100073ck,2017-01-24T02:02:11.040Z,"4 km WNW of Salisbury, New Hampshire",earthquake,5,2,0.148,6,reviewed,us,us
2016-10-31T06:47:40.520Z,43.3927,-71.7766,6.12,1.8,ml,,109,0.118,0.43,us,us100073cc,2017-01-24T02:02:11.040Z,"5 km WNW of Salisbury, New Hampshire",earthquake,1.5,3.1,0.071,26,reviewed,us,us
2016-10-30T23:38:40.640Z,44.701,-73.8683333,15.92,0.97,ml,12,133,0.3057,0.34,ld,ld60051503,2016-11-01T13:49:45.210Z,"4 km SE of Lyon Mountain, New York",earthquake,0.77,3.25,0.138,10,reviewed,ld,ld
2016-10-20T19:01:11.080Z,45.0988333,-74.0241667,5.29,1.01,ml,9,184,0.4293,0.2,ld,ld60051403,2016-10-25T13:16:41.260Z,"4 km SSW of Ormstown, Canada",earthquake,0.81,12.66,0.094,6,reviewed,ld,ld
2016-10-08T21:10:47.740Z,44.9108333,-74.5133333,5,1.23,ml,11,119,0.07113,0.25,ld,ld60051303,2016-10-13T17:30:53.410Z,"6 km S of Fort Covington Hamlet, New York",earthquake,0.88,31.61,0.167,5,reviewed,ld,ld
2016-09-30T18:24:59.350Z,39.0191667,-71.2921667,7.43,2.71,ml,48,251,2.451,0.69,ld,ld60126906,2021-05-13T22:00:40.019Z,"227 km SSE of Southampton, New York",earthquake,6.03,12.04,0.11,18,reviewed,ld,ld
2016-09-25T04:40:17.900Z,45.0803333,-74.1725,5.28,0.71,ml,11,153,0.3377,0.42,ld,ld60050803,2016-09-26T14:56:02.750Z,"0 km WSW of Huntingdon, Canada",earthquake,1.07,31.61,0.185,10,reviewed,ld,ld
2016-09-20T03:04:04.470Z,41.0698333,-74.2538333,7.91,0.56,ml,13,103,0.07831,0.19,ld,ld60125916,2021-05-13T22:00:37.900Z,"4 km NE of Wanaque, New Jersey",earthquake,0.37,0.94,0.149,6,reviewed,ld,ld
2016-08-27T18:36:45.500Z,45.2483333,-74.3473333,11.92,1.73,ml,10,227,0.4238,0.18,ld,ld60124536,2021-05-13T22:00:34.231Z,"7 km W of Saint-Zotique, Canada",earthquake,0.7,1.41,0.103,14,reviewed,ld,ld
2016-08-22T06:15:45.890Z,41.7358333,-77.196,7.82,1.37,ml,10,84,0.4016,0.3,ld,ld60050103,2016-08-24T19:25:55.580Z,"8 km E of Wellsboro, Pennsylvania",earthquake,0.51,10.24,0.371,10,reviewed,ld,ld
2016-08-20T08:50:23.580Z,43.5658333,-76.6178333,5,1.48,ml,15,72,0.3384,0.28,ld,ld60050003,2016-08-22T15:57:32.740Z,"15 km NW of Oswego, New York",earthquake,0.51,31.61,0.158,13,reviewed,ld,ld
2016-08-18T08:16:39.580Z,43.1374,-71.7396,4.83,1.5,ml,,115,0.595,0.31,us,us10006fj5,2016-11-15T02:21:53.040Z,"4 km N of Weare, New Hampshire",earthquake,1.7,4.3,0.091,16,reviewed,us,us
2016-08-09T02:33:00.650Z,41.0103333,-74.3435,1.62,0.54,ml,9,100,0.1619,0.23,ld,ld60049603,2021-05-13T22:00:32.070Z,"0 km NNW of Butler, New Jersey",earthquake,0.48,1.27,0.152,6,reviewed,ld,ld
2016-08-09T02:01:44.530Z,41.0555,-74.2913333,5.61,0.98,ml,15,67,0.1027,0.16,ld,ld60122961,2021-05-13T22:00:31.548Z,"1 km N of Wanaque, New Jersey",earthquake,0.26,1.67,0.132,8,reviewed,ld,ld
2016-08-06T03:12:10.180Z,43.3228333,-79.2625,5,1.77,ml,11,167,0.2338,0.39,ld,ld60122831,2021-05-13T22:00:31.024Z,"15 km NW of Virgil, Canada",earthquake,0.89,31.61,0.296,9,reviewed,ld,ld
2016-07-31T00:34:44.880Z,40.8413333,-74.1771667,4.71,0.81,ml,10,115,0.1721,0.15,ld,ld60122426,2016-07-31T13:26:42.000Z,"0 km NNE of Brookdale, New Jersey",earthquake,0.42,8.18,0.234,7,reviewed,ld,ld
2016-07-10T13:22:23.220Z,44.8233333,-74.5391667,10.47,1.15,ml,9,125,0.02853,0.21,ld,ld60048903,2016-07-11T16:58:56.300Z,"2 km WSW of Brushton, New York",earthquake,0.44,0.71,0.09,9,reviewed,ld,ld
2016-07-04T04:06:49.290Z,41.0108333,-74.3521667,2,1.07,ml,9,113,0.1652,0.19,ld,ld60048803,2021-05-13T22:00:29.958Z,"1 km NW of Butler, New Jersey",earthquake,0.56,31.61,0.177,6,reviewed,ld,ld
2016-06-29T03:13:50.250Z,44.3671667,-75.3996667,6.6,1.13,ml,12,117,0.3216,0.23,ld,ld60118041,2016-06-29T04:45:38.960Z,"5 km S of Richville, New York",earthquake,0.53,7.15,0.323,11,reviewed,ld,ld
2016-06-26T07:36:31.840Z,43.6726,-71.3863,3.3,1.3,ml,,127,0.204,0.6,us,us200067bn,2016-08-31T03:08:16.040Z,"6 km WSW of Melvin Village, New Hampshire",earthquake,1.4,6.9,0.085,18,reviewed,us,us
2016-06-25T08:48:56.310Z,41.0131667,-74.3493333,2,0.75,ml,9,86,0.1621,0.22,ld,ld60048703,2021-05-13T22:00:28.902Z,"New York",earthquake,0.38,31.61,0.174,4,reviewed,ld,ld
2016-06-18T04:15:43.770Z,44.9531667,-73.5205,7.06,0.55,ml,8,217,0.1276,0.23,ld,ld60048603,2016-06-22T19:27:22.270Z,"5 km ESE of Mooers, New York",earthquake,0.78,1.87,0.184,7,reviewed,ld,ld
2016-06-14T06:25:16.040Z,44.8521667,-74.0223333,17.45,1.1,ml,10,184,0.3092,0.27,ld,ld60048503,2016-06-21T20:29:13.970Z,"9 km SSE of Chateaugay, New York",earthquake,0.98,2.13,0.258,7,reviewed,ld,ld
2016-06-13T14:12:11.910Z,41.1528,-73.5941,2.51,1.4,ml,,81,0.201,0.23,us,us2000643l,2016-08-25T01:22:54.040Z,"4 km WNW of North Stamford, Connecticut",earthquake,0.9,5,0.115,10,reviewed,us,us
2016-06-05T02:05:18.420Z,44.5103333,-73.688,3,2.24,ml,24,39,0.3323,0.41,ld,ld60116401,2021-05-13T22:00:25.224Z,"7 km N of Au Sable Forks, New York",earthquake,0.47,31.61,0.221,22,reviewed,ld,ld
2016-05-31T15:54:19.950Z,44.1883,-71.7883,5.4,2,ml,,103,0.111,0.39,us,us20005zi5,2016-08-10T22:30:29.040Z,"3 km SSE of Sugar Hill, New Hampshire",earthquake,1.2,3.5,0.091,16,reviewed,us,us
2016-05-27T16:48:43.160Z,41.042,-74.3525,2.93,0.78,ml,12,89,0.1413,0.17,ld,ld60115876,2016-05-27T20:56:36.030Z,"4 km NNW of Butler, New Jersey",earthquake,0.28,0.69,0.208,10,reviewed,ld,ld
2016-05-22T04:47:36.070Z,41.5486667,-76.6166667,5,1.58,ml,30,40,0.26,0.34,ld,ld60048208,2016-05-23T13:48:37.488Z,"6 km N of Forksville, Pennsylvania",earthquake,0.36,31.61,0.239,25,reviewed,ld,ld
2016-05-22T00:28:53.770Z,44.1835,-75.5441667,4.26,0.48,ml,6,215,0.2176,0.19,ld,ld60048203,2016-05-23T13:30:52.240Z,"5 km ESE of Antwerp, New York",earthquake,1.15,13.32,0.165,5,reviewed,ld,ld
2016-05-19T08:15:43.570Z,43.936,-75.7926667,5,1.38,ml,14,132,0.1092,0.34,ld,ld60048103,2016-05-19T16:42:12.720Z,"8 km S of Black River, New York",earthquake,0.78,31.61,0.248,12,reviewed,ld,ld
2016-05-04T20:08:57.550Z,43.4665,-77.0433333,5,1.2,ml,7,113,0.2336,0.26,ld,ld60047903,2016-05-06T17:37:30.030Z,"22 km NNW of Sodus Point, New York",earthquake,0.75,31.61,0.131,7,reviewed,ld,ld
2016-05-04T11:05:26.290Z,43.1086,-72.098,4.76,1.6,ml,,92,0.409,0.44,us,us10005fp1,2016-07-19T20:03:12.040Z,"3 km NNE of Stoddard, New Hampshire",earthquake,1.4,4.1,0.085,18,reviewed,us,us
2016-04-28T09:45:22.220Z,44.4085,-74.9263333,5.84,1.43,ml,13,106,0.1503,0.23,ld,ld60112901,2016-05-26T21:32:29.940Z,"16 km S of Colton, New York",earthquake,0.49,3.68,0.26,10,reviewed,ld,ld
2016-04-26T02:10:23.290Z,41.0008333,-80.4646667,3,1.86,ml,10,138,0.2362,0.27,ld,ld60112721,2021-05-13T22:00:21.983Z,"3 km NE of Bessemer, Pennsylvania",earthquake,0.97,31.61,0.25,11,reviewed,ld,ld
2016-04-25T14:54:26.660Z,41.0031667,-80.4505,3,2.12,ml,8,143,0.2356,0.32,ld,ld60112636,2016-05-26T21:32:26.990Z,"4 km NE of Bessemer, Pennsylvania",earthquake,1.42,31.61,0.26,8,reviewed,ld,ld
2016-04-25T09:03:02.690Z,41.0258333,-80.512,3,1.85,ml,11,129,0.431,0.3,ld,ld60047703,2016-05-26T21:32:25.530Z,"2 km ESE of Lowellville, Ohio",earthquake,0.75,31.61,0.18,9,reviewed,ld,ld
2016-04-25T08:16:55.120Z,40.9888333,-80.3863333,3,1.76,ml,8,136,0.3159,0.21,ld,ld60047603,2016-05-26T21:32:24.180Z,"1 km W of Oakland, Pennsylvania",earthquake,0.72,31.61,0.17,8,reviewed,ld,ld
2016-04-25T04:05:25.280Z,41,-80.46,3,2.04,ml,13,103,0.2375,0.23,ld,ld60112616,2021-05-13T22:00:21.455Z,"3 km NE of Bessemer, Pennsylvania",earthquake,0.57,31.61,0.29,14,reviewed,ld,ld
2016-04-18T10:34:40.150Z,41.5998333,-79.5228333,5.25,2.13,ml,15,78,0.3063,0.23,ld,ld60111911,2016-05-26T21:32:20.650Z,"4 km E of Pleasantville, Pennsylvania",earthquake,0.42,31.61,0.18,17,reviewed,ld,ld
2016-04-16T09:40:45.970Z,43.8778333,-74.4243333,4.11,1.04,ml,11,72,0.1742,0.67,ld,ld60047413,2016-05-26T21:32:19.200Z,"10 km S of Long Lake, New York",earthquake,1.61,42.6,0.38,8,reviewed,ld,ld
2016-04-13T08:50:36.290Z,44.9738333,-73.5253333,5,0.57,ml,8,221,0.1459,0.22,ld,ld60047403,2016-05-26T22:21:21.540Z,"5 km ENE of Mooers, New York",earthquake,0.87,31.61,0.14,6,reviewed,ld,ld
2016-04-12T03:10:58.290Z,44.9323333,-73.828,5,1.79,ml,18,99,0.1962,0.29,ld,ld60111561,2021-05-13T22:00:16.690Z,"13 km SSE of Franklin, Canada",earthquake,0.66,31.61,0.25,17,reviewed,ld,ld
2016-04-10T06:14:49.460Z,44.9676667,-74.1033333,5.62,1.13,ml,17,119,0.3137,0.31,ld,ld60047203,2016-05-26T21:32:14.340Z,"5 km NNW of Chateaugay, NY",earthquake,0.65,7.3,0.25,11,reviewed,ld,ld
2016-04-07T11:25:45.030Z,45.0715,-74.8445,7.23,1.1,ml,10,165,0.3134,0.22,ld,ld60047103,2016-05-26T21:32:12.810Z,"10 km WNW of Cornwall, Canada",earthquake,0.75,6.43,0.19,8,reviewed,ld,ld
2016-04-04T00:48:34.140Z,45.1418333,-75.1383333,9.12,0.43,ml,8,250,0.1715,0.19,ld,ld60047003,2016-05-26T22:21:20.160Z,"17 km ENE of Winchester, Canada",earthquake,0.8,2.17,0.15,5,reviewed,ld,ld
2016-03-29T15:00:16.440Z,40.995,-74.3146667,0.02,1.2,ml,13,80,0.1498,0.24,ld,ld60110971,2016-03-29T17:55:45.100Z,"0.9 km W of Riverdale, NJ",quarry blast,,31.61,0.178,10,reviewed,ld,ld
2016-03-24T03:44:48.840Z,43.8683333,-77.9451667,5,1.16,ml,8,223,0.6908,0.23,ld,ld60046703,2016-05-26T21:32:10.110Z,"20 km ESE of Cobourg, Canada",earthquake,1.01,31.61,0.21,8,reviewed,ld,ld
2016-03-23T04:51:09.720Z,43.847,-74.4613333,4.04,0.48,ml,9,95,0.2138,0.45,ld,ld60046603,2016-05-26T22:21:18.740Z,"14 km SSW of Long Lake, New York",earthquake,0.98,31.61,0.19,8,reviewed,ld,ld
2016-03-21T13:18:23.650Z,43.2642,-71.7672,7.28,2.8,mb_lg,,92,0.579,0.54,us,us20005bfm,2017-03-01T01:55:05.974Z,"4 km ESE of Warner, New Hampshire",earthquake,1.9,0.6,0.095,29,reviewed,us,us
2016-03-18T09:45:16.190Z,42.8353333,-78.2403333,4.09,1.73,ml,12,62,0.2666,0.37,ld,ld60110501,2021-05-13T22:00:16.145Z,"4 km SE of Attica, New York",earthquake,0.66,31.61,0.24,15,reviewed,ld,ld
2016-03-09T01:39:21.390Z,45.1093333,-74.0721667,7.08,0.65,ml,6,211,0.4094,0.19,ld,ld60046503,2016-05-26T22:21:17.490Z,"6 km WSW of Ormstown, Canada",earthquake,1.46,10.38,0.17,2,reviewed,ld,ld
2016-02-24T22:20:44.440Z,41.0118333,-74.3495,1,0.44,ml,8,86,0.1632,0.09,ld,ld60046103,2021-05-13T22:00:15.622Z,"1 km NW of Butler, New Jersey",earthquake,0.22,31.61,0.31,1,reviewed,ld,ld
2016-02-22T01:47:40.500Z,42.4967,-71.4717,1.21,1.3,ml,,113,0.064,0.11,us,us10004s8l,2016-05-03T23:44:16.040Z,"3 km WNW of Acton, Massachusetts",earthquake,1,5.9,0.105,12,reviewed,us,us
2016-02-22T00:31:48.140Z,41.0091667,-74.3475,0.28,0.42,ml,9,83,0.1645,0.12,ld,ld60045708,2021-05-13T22:00:14.569Z,"0 km NW of Butler, New Jersey",earthquake,0.27,1.5,0.26,2,reviewed,ld,ld
2016-02-21T15:48:48.510Z,41.012,-74.3485,1,0.32,ml,6,104,0.1626,0.06,ld,ld60045803,2016-05-26T22:21:13.670Z,"1 km NNW of Butler, New Jersey",earthquake,0.27,31.61,0.24,1,reviewed,ld,ld
2016-02-21T15:07:41.430Z,41.0125,-74.3501667,1,0.52,ml,9,84,0.163,0.12,ld,ld60045703,2021-05-13T22:00:14.036Z,"1 km NW of Butler, New Jersey",earthquake,0.27,31.61,0.19,5,reviewed,ld,ld
2016-02-19T01:17:00.090Z,41.0138333,-74.3478333,1,1.14,ml,10,83,0.1609,0.15,ld,ld60109606,2021-05-13T22:00:13.497Z,"1 km NNW of Butler, New Jersey",earthquake,0.25,31.61,0.24,13,reviewed,ld,ld
2016-01-28T18:23:45.000Z,39.3,-74.3,0,0,mb_lg,,,,0,us,us20004vbk,2020-01-31T01:26:27.422Z,"12 km SE of Atlantic City, New Jersey",sonic boom,0,0,,,reviewed,spec,spec
2016-01-26T02:30:43.940Z,43.4322,-71.5218,4.67,1.7,ml,,124,0.103,0.61,us,us20004uyy,2016-04-08T23:06:15.040Z,"3 km WSW of Belmont, New Hampshire",earthquake,2,6.7,0.081,20,reviewed,us,us
2016-01-17T19:12:49.050Z,39.3193333,-77.8283333,4.74,3.03,ml,14,80,0.2174,0.23,ld,ld60108801,2021-05-13T22:00:11.299Z,"3 km NE of Ranson, West Virginia",earthquake,0.43,3.02,0.18,13,reviewed,ld,ld
2016-01-12T04:59:07.310Z,40.9958333,-73.6551667,2.35,0.81,ml,12,115,0.1559,0.17,ld,ld60108501,2016-05-26T22:21:10.730Z,"0 km S of Byram, Connecticut",earthquake,0.35,0.77,0.19,7,reviewed,ld,ld
2016-01-02T05:58:00.780Z,41.1293333,-74.2643333,8.21,2.08,ml,25,51,0.03396,0.26,ld,ld60108206,2021-05-13T22:00:09.660Z,"2 km NW of Ringwood, New Jersey",earthquake,0.31,0.62,0.18,23,reviewed,ld,ld
2015-12-30T13:01:21.520Z,44.5986667,-75.249,5.24,1.61,ml,9,176,0.402,0.2,ld,ld60045403,2016-05-26T21:31:44.920Z,"5 km E of Rensselaer Falls, New York",earthquake,0.54,11.11,0.37,8,reviewed,ld,ld
2015-12-18T06:53:37.100Z,43.5728333,-77.7695,5,1.32,ml,6,228,0.3089,0.36,ld,ld60045303,2016-05-26T21:31:43.590Z,"31 km N of Hilton, New York",earthquake,1.59,31.61,0.14,6,reviewed,ld,ld
2015-11-28T05:16:54.250Z,44.9785,-74.7305,5,3.23,ml,24,64,0.2111,0.3,ld,ld60106806,2021-05-13T22:00:06.387Z,"4 km S of Cornwall, Canada",earthquake,0.41,31.61,0.21,51,reviewed,ld,ld
2015-11-28T02:48:15.440Z,43.5137,-71.6255,3.52,1.7,ml,,114,0.048,0.27,us,us100041zm,2016-05-26T21:31:36.550Z,"4 km NW of Sanbornton, New Hampshire",earthquake,1.3,2.9,0.077,22,reviewed,us,us
2015-11-18T01:19:00.800Z,42.1955,-71.3988,4.59,1.5,ml,,71,0.197,0.33,us,us10003z6p,2016-11-20T15:03:47.068Z,"2 km ESE of Holliston, Massachusetts",earthquake,0.8,7.2,0.085,18,reviewed,us,us
2015-11-05T23:24:31.100Z,43.244,-75.1726667,15.7,1.7,ml,22,51,0.1424,0.34,ld,ld60104706,2016-05-26T21:31:31.490Z,"3 km SSE of Barneveld, New York",earthquake,0.46,0.92,0.16,29,reviewed,ld,ld
2015-11-04T11:01:13.770Z,44.9238333,-73.7118333,5,0.21,ml,9,159,0.1249,0.29,ld,ld60104551,2016-05-26T22:21:09.370Z,"5 km NW of Altona, New York",earthquake,1.23,31.61,0.1,6,reviewed,ld,ld
2015-11-03T07:16:56.300Z,43.4233333,-76.6705,5,1.1,ml,10,77,0.2009,0.33,ld,ld60044803,2016-05-26T21:31:28.700Z,"12 km NNE of Fair Haven, New York",earthquake,1.08,31.61,0.16,7,reviewed,ld,ld
2015-11-02T10:47:22.460Z,44.5718333,-73.8956667,16.09,1.11,ml,12,97,0.3425,0.22,ld,ld60044903,2016-05-26T21:31:27.200Z,"8 km WSW of Redford, New York",earthquake,0.4,2.95,0.31,9,reviewed,ld,ld
2015-10-30T15:58:25.790Z,44.5964,-70.7123,3.35,1.7,ml,,96,0.317,0.51,us,us2000415i,2016-01-30T02:10:57.040Z,"5 km SE of Andover, Maine",earthquake,1.3,4.3,0.105,12,reviewed,us,us
2015-10-30T04:02:04.410Z,43.885,-78.686,1,2.3,mb_lg,,,,0.59,us,us20004g2h,2016-01-30T02:10:56.040Z,"13 km E of Oshawa, Canada",earthquake,1.1,7.3,,,reviewed,ott,ott
2015-10-28T20:42:15.540Z,43.0498333,-74.3781667,6.13,2.34,ml,30,32,0.3532,0.34,ld,ld60104306,2021-05-13T22:00:05.309Z,"2 km W of Gloversville, New York",earthquake,0.36,4.18,0.15,14,reviewed,ld,ld
2015-10-23T23:32:35.750Z,43.8403333,-77.9036667,5,1.66,ml,11,206,0.5779,0.37,ld,ld60044703,2016-05-26T21:31:23.670Z,"24 km ESE of Cobourg, Canada",earthquake,1.25,31.61,0.19,13,reviewed,ld,ld
2015-10-13T03:11:41.590Z,45.0438333,-75.9171667,6.03,1.54,ml,14,165,0.3779,0.34,ld,ld60044103,2021-05-13T22:00:03.207Z,"16 km SSW of Richmond, Canada",earthquake,1.05,2.99,0.13,10,reviewed,ld,ld
2015-09-28T00:16:15.390Z,43.5219,-71.6259,5.38,1.4,ml,,114,0.055,0.27,us,us10003imb,2015-12-28T23:08:45.040Z,"5 km NW of Sanbornton, New Hampshire",earthquake,1.3,3.7,0.085,18,reviewed,us,us
2015-09-27T03:16:23.470Z,42.4426667,-74.4371667,13.76,2.79,ml,22,43,0.2556,0.27,ld,ld60102901,2021-05-13T22:00:01.020Z,"New York",earthquake,0.38,0.81,0.18,32,reviewed,ld,ld
2015-09-21T06:48:07.590Z,43.6446,-71.3725,4.75,1.6,ml,,124,0.231,0.21,us,us20003p9v,2015-12-21T23:16:28.040Z,"7 km SW of Melvin Village, New Hampshire",earthquake,1.3,7.2,0.097,14,reviewed,us,us
2015-08-29T21:50:33.200Z,43.2135,-71.6019,4.11,1.2,ml,,127,0.527,0.65,us,us20003g6h,2016-05-26T22:21:08.020Z,"5 km W of Concord, New Hampshire",earthquake,2.7,10.1,0.097,14,reviewed,us,us
2015-08-22T19:16:58.650Z,40.8935,-74.3375,7.91,1.16,ml,9,100,0.1186,0.08,ld,ld60100581,2016-05-26T21:31:07.120Z,"2 km WNW of Fairfield, New Jersey",earthquake,0.23,0.99,0.3,13,reviewed,ld,ld
2015-08-17T20:45:27.640Z,43.3765,-71.0299,5,1.7,ml,,162,0.464,0.45,us,us1000339l,2015-11-17T00:13:34.040Z,"3 km ESE of Farmington, New Hampshire",earthquake,1.8,2,0.085,18,reviewed,us,us
2015-08-14T07:41:25.210Z,40.752,-74.575,8.22,2.6,ml,27,83,0.06959,0.25,ld,ld60098871,2021-05-13T21:59:56.599Z,"3 km SE of Mendham, New Jersey",earthquake,0.34,0.8,0.18,27,reviewed,ld,ld
2015-08-14T02:16:22.210Z,39.892,-76.4083333,1.3,1.23,ml,8,167,0.1159,0.43,ld,ld60098866,2021-05-13T21:59:56.067Z,"7 km SW of Conestoga, Pennsylvania",earthquake,2.22,4.95,0.29,16,reviewed,ld,ld
2015-08-10T00:54:10.690Z,43.1894,-71.2573,6.38,1.6,ml,,171,0.403,0.47,us,us100031bp,2015-11-06T18:06:26.040Z,"7 km ESE of Epsom, New Hampshire",earthquake,1.8,7.7,0.091,16,reviewed,us,us
2015-08-09T02:07:06.870Z,38.98,-76.6626667,7,1.91,ml,9,171,0.4512,0.2,ld,ld60098606,2021-05-13T21:59:54.517Z,"3 km SE of Crofton, Maryland",earthquake,0.84,12.72,0.16,8,reviewed,ld,ld
2015-08-02T03:46:48.440Z,44.3571,-72.419,5,1.4,ml,,76,0.241,0.43,us,us10002xdv,2016-05-26T22:21:06.190Z,"5 km W of Marshfield, Vermont",earthquake,1.7,2,0.105,12,reviewed,us,us
2015-08-02T02:34:27.830Z,43.1763,-71.2803,3.1,2.2,mb_lg,,105,0.4,0.46,us,us10002x8i,2016-05-26T21:30:49.270Z,"6 km SE of Epsom, New Hampshire",earthquake,1.4,7.7,0.109,22,reviewed,us,us
2015-07-27T15:25:08.770Z,44.5326667,-73.7243333,5.27,1.04,ml,15,72,0.1154,0.19,ld,ld60097401,2016-05-26T21:30:45.880Z,"10 km SE of Redford, New York",earthquake,0.32,2.53,0.2,18,reviewed,ld,ld
2015-07-22T07:43:01.900Z,41.8179,-71.3804,18.66,2.3,ml,,76,0.153,0.49,us,us20002z5s,2016-05-26T21:30:42.560Z,"0 km WNW of East Providence, Rhode Island",earthquake,2.7,5,0.077,22,reviewed,us,us
2015-07-21T11:49:19.990Z,43.7457,-71.6581,4.16,1.4,ml,,93,0.266,0.19,us,us20002yvt,2016-05-26T21:30:39.570Z,"2 km ESE of Plymouth, New Hampshire",earthquake,1.4,7.3,0.091,16,reviewed,us,us
2015-07-13T19:27:28.120Z,45.1875,-73.9578333,17.18,1.94,ml,16,91,0.392,0.29,ld,ld60096256,2016-05-26T21:30:35.520Z,"6 km NNE of Ormstown, Canada",earthquake,0.46,2.29,0.26,28,reviewed,ld,ld
2015-07-12T04:05:56.340Z,41.054,-74.2945,6.23,1.04,ml,13,91,0.1052,0.15,ld,ld60096111,2016-05-26T21:30:33.840Z,"1 km N of Wanaque, New Jersey",earthquake,0.29,1.55,0.21,15,reviewed,ld,ld
2015-07-03T03:28:13.760Z,43.7705,-71.3438,5.61,1.5,ml,,117,0.103,0.24,us,us10002nd2,2016-05-26T21:30:30.310Z,"4 km ENE of Moultonborough, New Hampshire",earthquake,1.6,4.6,0.085,18,reviewed,us,us
2015-06-04T01:19:07.660Z,44.0208333,-77.4308333,5,1.46,ml,13,223,0.3272,0.43,ld,ld60043103,2016-05-26T21:30:28.630Z,"14 km W of Prince Edward, Canada",earthquake,1.6,31.61,0.18,14,reviewed,ld,ld
2015-06-01T08:31:29.010Z,44.011,-75.1721667,14.47,0.46,ml,13,75,0.3497,0.24,ld,ld60043003,2016-05-26T22:21:04.630Z,"19 km SE of Harrisville, New York",earthquake,0.4,3.62,0.23,12,reviewed,ld,ld
2015-05-27T03:56:13.000Z,43.4086667,-79.1936667,3.32,2,ml,14,164,0.3284,0.35,ld,ld60093131,2021-05-13T21:59:51.354Z,"18 km NNW of Mississauga Beach, Canada",earthquake,0.58,2.77,0.23,19,reviewed,ld,ld
2015-05-25T07:17:43.520Z,43.6848333,-74.0876667,5,0.53,ml,13,101,0.1902,0.28,ld,ld60042903,2016-05-26T22:21:02.640Z,"8 km W of North Creek, New York",earthquake,0.48,31.61,0.17,18,reviewed,ld,ld
2015-05-24T18:12:27.360Z,43.2984,-71.6333,5,2.3,mb_lg,,47,0.149,0.99,us,us10002by1,2017-02-27T18:33:24.651Z,"2 km SSW of Boscawen, New Hampshire",earthquake,2.9,2,0.154,11,reviewed,us,us
2015-05-23T20:22:08.740Z,45.0808333,-74.2346667,16.07,2.08,ml,8,100,0.145,0.15,ld,ld60042808,2021-05-13T21:59:50.833Z,"Ontario-Quebec border region, Canada",earthquake,0.62,1.22,0.2,6,reviewed,ld,ld
2015-05-23T20:21:59.300Z,45.0538333,-74.2146667,10.78,2.09,ml,26,81,0.1485,0.33,ld,ld60092906,2021-05-13T21:59:50.305Z,"5 km SW of Huntingdon, Canada",earthquake,0.39,1.59,0.21,19,reviewed,ld,ld
2015-05-18T23:08:25.880Z,43.2868333,-78.31,5,1.64,ml,14,148,0.1616,0.37,ld,ld60042703,2016-05-26T21:30:12.800Z,"7 km SE of Lyndonville, New York",earthquake,0.92,31.61,0.23,18,reviewed,ld,ld
2015-05-17T02:06:48.120Z,41.733,-72.9338,5,1.4,ml,,120,0.412,0.29,us,us10002a3u,2016-05-26T21:30:11.210Z,"6 km N of Bristol, Connecticut",earthquake,1.6,2,0.085,18,reviewed,us,us
2015-05-12T03:28:14.830Z,43.0067,-71.7887,7.27,1.6,ml,,109,0.371,0.55,us,us20002eum,2016-05-26T21:30:09.090Z,"2 km NE of Francestown, New Hampshire",earthquake,1.5,1,0.077,22,reviewed,us,us
2015-05-08T01:47:17.190Z,44.7425,-75.1593333,5,1.52,ml,19,132,0.1545,0.27,ld,ld60091441,2016-05-26T21:30:07.050Z,"2 km WSW of Madrid, New York",earthquake,0.37,31.61,0.25,27,reviewed,ld,ld
2015-04-30T09:59:55.750Z,43.2586,-71.7498,8.2,1.7,ml,,49,0.056,0.43,us,us20002ag0,2016-05-26T21:30:04.580Z,"4 km NW of Contoocook, New Hampshire",earthquake,1.6,4.4,0.081,20,reviewed,us,us
2015-04-29T08:11:22.620Z,43.4894,-71.5774,6.53,2.2,ml,,47,0.058,0.59,us,us20002a57,2017-01-20T14:41:15.957Z,"0 km E of Sanbornton, New Hampshire",earthquake,0.9,4.9,0.051,50,reviewed,us,us
2015-04-21T07:44:47.330Z,41.9683,-70.8143,6.03,1.8,ml,,199,0.037,0.36,us,us2000289t,2015-06-26T23:16:00.040Z,"1 km N of Plympton, Massachusetts",earthquake,1.3,2.7,0.081,20,reviewed,us,us
2015-04-17T00:53:48.320Z,45.1465,-73.8716667,11.42,1.82,ml,23,81,0.1291,0.27,ld,ld60089966,2021-05-13T21:59:49.278Z,"10 km E of Ormstown, Canada",earthquake,0.3,1.15,0.24,12,reviewed,ld,ld
2015-04-08T14:27:17.640Z,44.0746667,-75.2966667,14.42,1.8,ml,23,100,0.2748,0.4,ld,ld60089306,2016-05-26T21:29:53.670Z,"8 km SSE of Harrisville, New York",earthquake,0.51,2.96,0.33,24,reviewed,ld,ld
2015-03-30T01:30:04.800Z,43.7901,-71.3858,5,1.4,ml,,144,0.091,0.37,us,us10001s87,2015-06-12T01:53:28.040Z,"2 km E of Sandwich, New Hampshire",earthquake,1.2,1.9,0.128,8,reviewed,us,us
2015-03-27T20:19:44.180Z,40.844,-74.1765,4.66,1.05,ml,17,114,0.04024,0.18,ld,ld60088471,2016-05-26T21:29:51.900Z,"1 km NNE of Brookdale, New Jersey",earthquake,0.27,0.67,0.24,14,reviewed,ld,ld
2015-03-25T21:44:19.870Z,43.2392,-71.7647,5,1.2,ml,,142,0.244,0.55,us,us10001qtk,2016-05-26T21:29:49.300Z,"4 km WNW of Contoocook, New Hampshire",earthquake,1.2,2,0.091,16,reviewed,us,us
2015-03-14T10:24:46.020Z,43.6805,-71.4008,3.63,1.7,ml,,120,0.199,0.47,us,us10001mey,2016-05-26T21:29:44.350Z,"5 km SE of Center Harbor, New Hampshire",earthquake,1,7.2,0.077,22,reviewed,us,us
2015-03-11T23:45:53.470Z,44.6123,-70.9217,1.48,2.4,mb_lg,,64,0.171,0.32,us,us10001ltr,2016-05-26T21:29:41.610Z,"11 km SE of Upton, Maine",earthquake,1.8,7.8,0.208,6,reviewed,us,us
2015-03-11T22:40:53.190Z,44.6192,-70.9283,5.21,1.4,ml,,96,0.168,0.31,us,us10001ltw,2015-05-28T00:48:42.040Z,"Maine",earthquake,2.3,7.1,0.097,14,reviewed,us,us
2015-03-02T00:54:24.010Z,45.15,-73.826,12.89,1.17,ml,12,180,0.1613,0.2,ld,ld60087406,2016-05-26T21:29:39.140Z,"11 km S of Sainte-Martine, Canada",earthquake,0.67,1.43,0.2,20,reviewed,ld,ld
2015-02-26T01:11:46.470Z,44.3275,-74.5303333,5,1.82,ml,22,55,0.267,0.41,ld,ld60087331,2016-05-26T21:29:34.950Z,"12 km NNW of Tupper Lake, New York",earthquake,0.42,31.61,0.28,28,reviewed,ld,ld
2015-02-24T14:18:26.790Z,41.7485,-71.8999,6.4,1.8,ml,,87,0.245,0.24,us,usc000tsrx,2016-05-26T21:29:32.680Z,"0 km ENE of Wauregan, Connecticut",earthquake,1.3,4.3,0.074,24,reviewed,us,us
2015-02-24T14:13:45.920Z,41.751,-71.8925,3.18,1.4,ml,,87,0.239,0.08,us,usc000tt0e,2015-05-12T20:29:44.040Z,"1 km ENE of Wauregan, Connecticut",earthquake,1.2,8.4,0.091,16,reviewed,us,us
2015-02-14T04:47:19.210Z,44.4508333,-74.824,5,1.7,ml,20,79,0.2413,0.34,ld,ld60041708,2016-05-26T21:29:30.690Z,"14 km SE of Colton, New York",earthquake,0.44,31.61,0.23,15,reviewed,ld,ld
2015-02-08T09:34:30.170Z,44.7678333,-74.5895,6.07,1.37,ml,16,83,0.1482,0.26,ld,ld60041403,2016-05-26T21:29:28.900Z,"9 km SW of Brushton, New York",earthquake,0.4,3.74,0.18,14,reviewed,ld,ld
2015-02-05T14:55:12.980Z,43.6691667,-74.0811667,5,1.76,ml,21,65,0.1961,0.28,ld,ld60086416,2016-05-26T21:29:26.710Z,"8 km WSW of North Creek, New York",earthquake,0.32,31.61,0.29,30,reviewed,ld,ld
2015-02-03T05:50:14.640Z,41.4355,-71.2512,5.98,2,ml,,230,0.119,0.48,us,usc000tlfm,2015-05-02T14:07:26.040Z,"7 km SE of Newport, Rhode Island",earthquake,2.9,4.3,0.128,8,reviewed,us,us
2015-01-27T14:30:39.190Z,45.0889,-71.4473,5,2.1,ml,,137,0.554,0.48,us,usc000tk9s,2015-04-24T16:55:47.040Z,"6 km NW of Pittsburg, New Hampshire",earthquake,0.9,2,0.128,8,reviewed,us,us
2015-01-25T23:25:10.360Z,39.999,-75.6573333,2,2.64,ml,45,34,0.07733,0.36,ld,ld60041203,2021-05-13T21:59:45.037Z,"4 km ESE of Downingtown, Pennsylvania",earthquake,0.36,31.61,0.14,43,reviewed,ld,ld
2015-01-25T21:52:54.640Z,44.9106667,-75.479,4.42,0.25,ml,6,227,0.1703,0.14,ld,ld60041303,2016-05-26T22:21:01.360Z,"21 km N of Prescott, Canada",earthquake,0.78,8.68,0.19,2,reviewed,ld,ld
2015-01-19T19:39:10.990Z,45.2003333,-74.1798333,8.94,1.27,ml,12,141,0.1026,0.24,ld,ld60086106,2016-05-26T21:29:21.310Z,"6 km SW of Salaberry-de-Valleyfield, Canada",earthquake,0.65,1.57,0.2,8,reviewed,ld,ld
2015-01-19T16:35:14.690Z,45.2058333,-74.1826667,5,2.12,ml,30,152,0.1072,0.31,ld,ld60086101,2021-05-13T21:59:44.501Z,"6 km SW of Salaberry-de-Valleyfield, Canada",earthquake,0.44,31.61,0.24,30,reviewed,ld,ld
2015-01-15T22:50:52.990Z,41.7413,-71.8882,4.69,1,ml,,140,0.241,0.08,us,usc000tgm2,2015-04-20T15:34:47.040Z,"1 km E of Wauregan, Connecticut",earthquake,1.9,9.4,0.181,4,reviewed,us,us
2015-01-15T09:39:37.410Z,41.7557,-71.8988,5.93,2,ml,,86,0.241,0.4,us,usc000tfz2,2016-05-26T21:29:14.320Z,"1 km NE of Wauregan, Connecticut",earthquake,1.3,4.8,0.077,22,reviewed,us,us
2015-01-14T13:10:21.760Z,41.7452,-71.9014,4.28,1.5,ml,,130,0.248,0.16,us,usc000tft2,2016-05-26T21:29:12.720Z,"0 km E of Wauregan, Connecticut",earthquake,1.3,9.4,0.128,8,reviewed,us,us
2015-01-14T11:33:44.090Z,41.7462,-71.8983,8.81,1.8,ml,,88,0.245,0.42,us,usc000tflx,2016-05-26T21:29:10.720Z,"0 km ENE of Wauregan, Connecticut",earthquake,1.3,0.9,0.085,18,reviewed,us,us
2015-01-13T12:27:06.490Z,41.7443,-71.8807,8.75,2.6,mb_lg,,89,0.235,0.53,us,usc000tf6p,2016-05-26T21:29:08.640Z,"2 km E of Wauregan, Connecticut",earthquake,1.4,5.3,0.51,1,reviewed,us,us
2015-01-12T18:04:14.270Z,41.7534,-71.8895,1.69,1.6,ml,,87,0.236,0.13,us,usc000tf1t,2016-05-26T21:29:06.980Z,"1 km ENE of Wauregan, Connecticut",earthquake,1.5,6.1,0.097,14,reviewed,us,us
2015-01-12T17:03:16.820Z,41.7463,-71.8761,3.98,1.7,ml,,132,0.231,0.24,us,usc000teyu,2016-05-26T21:29:05.040Z,"2 km E of Wauregan, Connecticut",earthquake,1.2,4.2,0.097,14,reviewed,us,us
2015-01-12T16:49:21.720Z,41.74,-71.89,4,1.03,ml,5,132,0.2431,0.2,ld,ld60040828,2016-05-26T21:29:03.550Z,"1 km ESE of Wauregan, Connecticut",earthquake,8.59,31.61,0.19,5,reviewed,ld,ld
2015-01-12T11:50:06.020Z,41.7464,-71.885,4.06,2.1,ml,,89,0.236,0.22,us,usc000teyl,2016-05-26T21:29:00.910Z,"2 km E of Wauregan, Connecticut",earthquake,3,8.1,0.081,20,reviewed,us,us
2015-01-12T11:43:01.000Z,41.74,-71.89,4,0.75,ml,5,132,0.2431,0.07,ld,ld60040803,2016-05-26T22:21:00.050Z,"1 km ESE of Wauregan, Connecticut",earthquake,12.44,31.61,0.26,3,reviewed,ld,ld
2015-01-12T11:36:38.890Z,41.7482,-71.9019,5.4,3.3,mb_lg,,87,0.246,0.36,us,usc000tesx,2020-11-08T17:57:43.893Z,"0 km NE of Wauregan, Connecticut",earthquake,2.5,7.8,0.054,91,reviewed,us,us
2015-01-12T11:34:27.800Z,41.7495,-71.8892,2.63,1.5,ml,,137,0.237,0.21,us,usc000tf0t,2016-05-26T21:28:55.010Z,"1 km ENE of Wauregan, Connecticut",earthquake,1.4,5.1,0.091,16,reviewed,us,us
2015-01-12T11:33:14.950Z,41.7468,-71.8877,3.91,1.6,ml,,88,0.238,0.04,us,usc000tf0q,2016-05-26T21:28:53.370Z,"1 km E of Wauregan, Connecticut",earthquake,1,5.6,0.091,16,reviewed,us,us
2015-01-12T04:31:57.270Z,41.74,-71.89,4,0.64,ml,5,173,0.2431,0.15,ld,ld60040808,2016-05-26T22:20:58.790Z,"1 km ESE of Wauregan, Connecticut",earthquake,17.13,31.61,0.29,5,reviewed,ld,ld
2015-01-12T02:58:25.180Z,41.74,-71.89,4,0.72,ml,4,224,0.2431,0.19,ld,ld60040813,2016-05-26T22:20:57.570Z,"1 km ESE of Wauregan, Connecticut",earthquake,23.81,31.61,0.24,4,reviewed,ld,ld
2015-01-11T15:54:57.880Z,44.6778333,-73.658,5.39,1.6,ml,22,48,0.03979,0.32,ld,ld60085806,2016-05-26T21:28:48.870Z,"7 km SE of Dannemora, New York",earthquake,0.37,0.98,0.22,8,reviewed,ld,ld
2015-01-08T14:27:59.560Z,41.7479,-71.9187,4.62,2.3,mb_lg,,86,0.258,0.36,us,usc000tdi6,2016-05-26T21:28:46.560Z,"0 km WNW of Wauregan, Connecticut",earthquake,1.5,7.6,0.361,2,reviewed,us,us
